Ticker,final_score,score_basis,rating,category,price,weighted_rating,fund_rating_score,rating_cycles,rating_date,technical_score,vs50MA%,vs200MA%,RSI,VolSurge,1D%,1W%,1M%,AnnVol%,MaxDD%,AvgDollarVol,BarsFetched,RelStrength_AvgBench,RelStrength_vs_SPY,RelStrength_vs_DJI,RelStrength_vs_SPX,RelStrength_vs_IXIC,Flags,RelStrength_vs_AGG,RelStrength_vs_BND,RelStrength_vs_EFA,RelStrength_vs_VXUS,RelStrength_vs_EEM,RelStrength_vs_VNQ,RelStrength_vs_DBC,RelStrength_vs_GLD
FUSI,76.0,blended,Strong hold,bond,50.49,5.0,100.0,3yr,2026-08-31,70,0.0,-0.0,53.2,5.07,0.1,0.1,-0.2,4.1,-2.0,1474593.0,1319,0.6,,,,,"VolumeSurge, MACD+, BeatingAvgBench, BeatingAllBench, ShortHistory",0.6,0.6,,,,,,
MINO,75.2,blended,Strong hold,equity_us,42.63,5.0,100.0,3yr,2026-08-31,69,-0.2,-2.5,53.8,3.05,-0.2,0.4,-3.5,5.7,-8.8,14361834.0,4951,0.2,0.2,1.3,0.2,-0.8,"Downtrend, VolumeSurge, MACD+, BeatingAvgBench",,,,,,,,
MOOD,74.4,blended,Hold,equity_us,44.82,5.0,100.0,3yr,2026-08-31,68,0.4,0.7,61.3,2.89,0.3,0.3,0.6,15.8,-9.1,1531591.0,2420,0.1,0.1,1.2,0.1,-0.9,"Uptrend, VolumeSurge, MACD+, BeatingAvgBench",,,,,,,,
FPEI,72.8,blended,Hold,equity_us,18.42,4.6,92.0,"3yr, 5yr",2026-08-31,68,-0.5,-2.2,45.7,2.99,0.1,-0.5,-3.0,4.2,-6.6,9907699.0,5080,-0.7,-0.8,0.4,-0.7,-1.7,"Downtrend, VolumeSurge, MACD+",,,,,,,,
OVLH,72.0,blended,Hold,equity_intl,42.42,4.0,80.0,"3yr, 5yr",2026-08-31,70,0.2,0.1,55.2,2.63,1.5,0.2,-0.0,13.2,-9.1,1002364.0,2845,1.3,,,,,"VolumeSurge, MACD+, BeatingAvgBench, BeatingAllBench",,,1.6,0.9,,,,
JCPI,71.2,blended,Hold,bond,46.03,5.0,100.0,"3yr, 5yr, 10yr",2026-08-31,64,-0.3,-1.8,51.3,2.35,-0.4,-0.5,-2.7,5.6,-6.7,2582130.0,4393,-0.0,,,,,"Downtrend, VolumeSurge, MACD+",-0.0,0.0,,,,,,
FTNJ,71.2,blended,Hold,equity_us,8.27,4.0,80.0,"3yr, 5yr, 10yr",2026-08-31,69,0.1,-2.2,57.6,3.24,0.0,0.7,-3.2,5.4,-8.2,1392942.0,1434,0.5,0.5,1.6,0.5,-0.5,"VolumeSurge, MACD+, BeatingAvgBench, ShortHistory",,,,,,,,
FCEF,70.4,blended,Hold,equity_intl,22.86,4.4,88.0,"3yr, 5yr",2026-08-31,66,-0.1,-3.4,51.1,3.34,1.1,0.1,-5.3,12.9,-14.5,428566.0,3527,1.1,,,,,"Downtrend, VolumeSurge, MACD+, BeatingAvgBench, BeatingAllBench, LowLiquidity",,,1.5,0.8,,,,
FTMH,70.4,blended,Hold,equity_us,10.89,4.0,80.0,"3yr, 5yr, 10yr",2026-08-31,68,-0.1,-2.8,52.4,5.48,-0.0,0.6,-4.1,5.6,-9.5,5156049.0,1615,0.5,0.4,1.6,0.4,-0.5,"Downtrend, VolumeSurge, MACD+, BeatingAvgBench, ShortHistory",,,,,,,,
FSYD,70.4,blended,Hold,bond,46.58,5.0,100.0,3yr,2026-08-31,63,-0.8,-2.5,45.6,2.77,0.1,-1.4,-3.2,6.4,-7.5,1057491.0,4260,-0.9,,,,,"Downtrend, VolumeSurge, MACD+",-0.9,-0.9,,,,,,
DGT,70.4,blended,Hold,equity_intl,185.68,4.8,96.0,"3yr, 5yr, 10yr",2026-08-31,64,-0.7,-2.2,43.0,11.09,0.3,-1.4,-2.9,14.4,-15.2,2110323.0,4339,-0.3,,,,,"Downtrend, VolumeSurge, MACD+",,,-0.0,-0.7,,,,
FMUB,70.4,blended,Hold,bond,48.43,5.0,100.0,3yr,2026-08-31,63,0.1,-2.1,57.7,2.26,0.0,0.6,-3.1,6.3,-7.6,4220127.0,2145,1.1,,,,,"VolumeSurge, MACD+, BeatingAvgBench, BeatingAllBench",1.1,1.2,,,,,,
FTSD,70.4,blended,Hold,equity_us,88.63,4.0,80.0,"3yr, 5yr, 10yr",2026-08-31,68,-0.3,-1.0,36.8,2.74,-0.1,-0.4,-1.3,4.6,-4.7,2684133.0,4502,-0.6,-0.6,0.6,-0.6,-1.6,"Downtrend, VolumeSurge, MACD+",,,,,,,,
WCME,70.4,blended,Hold,equity_em,19.13,4.6,92.0,"3yr, 5yr",2026-08-31,65,-0.2,1.0,45.8,14.94,1.6,-0.4,0.5,27.9,-15.6,273587.0,1870,-0.9,,,,,"VolumeSurge, MACD+, LowLiquidity",,,,,-0.9,,,
CHPS,70.4,blended,Hold,equity_us,93.75,5.0,100.0,3yr,2026-08-31,63,3.9,10.4,73.3,2.1,2.3,5.8,15.9,52.3,-40.9,2574944.0,2313,5.7,5.6,6.8,5.6,4.7,"Uptrend, Overbought(RSI), VolumeSurge, MACD+, BeatingAvgBench, BeatingAllBench",,,,,,,,
SPGM,69.6,blended,Hold,equity_intl,87.11,4.0,80.0,"3yr, 5yr, 10yr",2026-08-31,67,0.2,-0.2,56.2,4.26,0.8,-0.0,-1.2,14.1,-17.3,8269423.0,5076,1.0,,,,,"VolumeSurge, MACD+, BeatingAvgBench, BeatingAllBench",,,1.4,0.7,,,,
FFLC,69.6,blended,Hold,equity_us,59.3,4.6,92.0,"3yr, 5yr",2026-08-31,64,-0.1,-0.5,46.7,3.26,0.4,-0.2,-1.8,15.8,-20.6,4972221.0,4553,-0.4,-0.4,0.8,-0.4,-1.4,"Downtrend, VolumeSurge, MACD+",,,,,,,,
GRID,69.6,blended,Hold,equity_us,182.44,5.0,100.0,"3yr, 5yr, 10yr",2026-08-31,62,2.1,2.3,79.0,2.23,2.3,2.0,2.8,20.4,-21.1,85136787.0,5080,1.8,1.8,2.9,1.8,0.8,"Uptrend, Overbought(RSI), VolumeSurge, MACD+, BeatingAvgBench, BeatingAllBench",,,,,,,,
TAFI,69.6,blended,Hold,equity_us,24.65,4.0,80.0,3yr,2026-08-31,67,0.2,-0.8,62.6,2.17,0.2,0.5,-1.3,2.3,-4.0,17225584.0,4979,0.3,0.3,1.5,0.3,-0.7,"VolumeSurge, MACD+, BeatingAvgBench",,,,,,,,
MMIT,69.6,blended,Hold,equity_us,23.05,4.0,80.0,"3yr, 5yr",2026-08-31,67,0.2,-1.8,64.6,2.27,0.2,0.7,-2.7,3.8,-8.0,16967494.0,5081,0.6,0.5,1.7,0.5,-0.4,"VolumeSurge, MACD+, BeatingAvgBench",,,,,,,,
GOVI,68.8,blended,Hold,equity_us,25.25,4.0,80.0,"3yr, 5yr, 10yr",2026-08-31,66,-0.6,-3.0,50.7,3.52,-0.3,-0.6,-4.2,8.1,-15.3,6392276.0,5073,-0.7,-0.8,0.4,-0.8,-1.8,"Downtrend, VolumeSurge, MACD+",,,,,,,,
DBAW,68.8,blended,Hold,equity_intl,48.07,5.0,100.0,"3yr, 5yr, 10yr",2026-08-31,61,0.0,-0.2,56.3,1.87,1.0,-0.5,-0.3,14.4,-14.7,1466098.0,4587,0.5,,,,,"VolumeSurge, MACD+, BeatingAvgBench, BeatingAllBench",,,0.9,0.2,,,,
DARP,68.8,blended,Hold,equity_us,59.6,5.0,100.0,3yr,2026-08-31,61,3.5,4.4,82.6,4.69,2.2,4.5,4.0,43.8,-30.6,895037.0,1843,4.4,4.3,5.5,4.3,3.3,"Uptrend, Overbought(RSI), VolumeSurge, MACD+, BeatingAvgBench, BeatingAllBench, LowLiquidity",,,,,,,,
INFL,68.0,blended,Hold,equity_intl,50.25,5.0,100.0,"3yr, 5yr",2026-08-31,60,-1.3,-6.5,42.0,2.91,0.2,-2.0,-9.6,16.0,-16.7,7722136.0,5080,-0.9,,,,,"Downtrend, VolumeSurge, MACD+",,,-0.6,-1.2,,,,
HAPI,68.0,blended,Hold,equity_us,46.19,4.0,80.0,3yr,2026-08-31,65,0.5,1.9,52.7,3.01,0.3,0.8,4.0,24.0,-19.8,183527.0,1900,0.6,0.5,1.7,0.5,-0.4,"Uptrend, VolumeSurge, MACD+, BeatingAvgBench, LowLiquidity",,,,,,,,
LMBS,68.0,blended,Hold,equity_us,48.48,5.0,100.0,"3yr, 5yr, 10yr",2026-08-31,60,-0.2,-1.4,49.8,1.53,-0.1,-0.2,-2.0,2.7,-4.0,30297499.0,5082,-0.4,-0.5,0.7,-0.5,-1.4,"Downtrend, VolumeSurge, MACD+",,,,,,,,
UITB,68.0,blended,Hold,bond,44.66,4.0,80.0,"3yr, 5yr",2026-08-31,65,-0.3,-1.9,51.3,2.75,-0.2,-0.2,-3.0,4.7,-7.7,10956165.0,5079,0.3,,,,,"Downtrend, VolumeSurge, MACD+, BeatingAvgBench, BeatingAllBench",0.3,0.3,,,,,,
IMTM,67.6,blended,Hold,equity_intl,52.96,4.7,94.0,"3yr, 5yr, 10yr",2026-08-31,61,0.2,-0.7,55.1,1.89,1.3,-0.4,-2.0,17.1,-13.3,15014219.0,5081,0.7,,,,,"VolumeSurge, MACD+, BeatingAvgBench, BeatingAllBench",,,1.0,0.3,,,,
BDGS,67.2,blended,Hold,equity_us,38.34,4.0,80.0,3yr,2026-08-31,64,2.7,4.4,64.4,1.57,1.1,3.8,4.6,14.3,-9.5,611813.0,1685,3.7,3.6,4.8,3.6,2.7,"Uptrend, VolumeSurge, MACD+, BeatingAvgBench, BeatingAllBench, LowLiquidity, ShortHistory",,,,,,,,
EWJV,67.2,blended,Hold,equity_intl,48.34,4.0,80.0,"3yr, 5yr",2026-08-31,64,-0.1,-0.6,44.1,3.26,0.8,-1.0,-2.5,19.9,-15.2,6556009.0,5052,0.0,,,,,"Downtrend, VolumeSurge, MACD+, BeatingAvgBench",,,0.3,-0.3,,,,
DBJP,67.2,blended,Hold,equity_intl,118.36,4.0,80.0,"3yr, 5yr, 10yr",2026-08-31,64,1.5,2.2,64.5,4.36,1.3,1.1,1.8,23.2,-23.9,2042020.0,4446,2.2,,,,,"Uptrend, VolumeSurge, MACD+, BeatingAvgBench, BeatingAllBench",,,2.5,1.8,,,,
CTA,67.2,blended,Hold,equity_us,29.06,4.0,80.0,3yr,2026-08-31,64,0.2,-0.0,55.2,2.6,-0.6,0.4,2.0,18.5,-22.0,21498067.0,5074,0.2,0.2,1.3,0.2,-0.8,"VolumeSurge, MACD+, BeatingAvgBench",,,,,,,,
PTRB,67.2,blended,Hold,bond,39.41,4.0,80.0,3yr,2026-08-31,64,-0.6,-2.3,51.2,3.63,-0.2,-0.7,-3.2,5.1,-8.9,6056778.0,5037,-0.2,,,,,"Downtrend, VolumeSurge, MACD+",-0.2,-0.1,,,,,,
MGC,66.8,blended,Hold,equity_us,284.61,4.7,94.0,"3yr, 5yr, 10yr",2026-08-31,60,0.2,0.9,52.8,1.86,0.6,0.1,0.2,14.9,-20.0,21467740.0,5080,-0.0,-0.1,1.1,-0.1,-1.0,"Uptrend, VolumeSurge, MACD+",,,,,,,,
RECS,66.4,blended,Hold,equity_us,45.45,4.0,80.0,"3yr, 5yr",2026-08-31,63,0.2,0.3,53.5,2.19,0.4,-0.2,-0.9,14.4,-19.3,20801121.0,5082,-0.3,-0.4,0.8,-0.4,-1.4,"Uptrend, VolumeSurge, MACD+",,,,,,,,
SFY,66.4,blended,Hold,equity_us,155.03,5.0,100.0,"3yr, 5yr",2026-08-31,58,0.5,1.5,55.7,2.39,0.6,0.5,2.2,235.7,-82.4,2357245.0,4893,0.3,0.3,1.4,0.3,-0.7,"Uptrend, VolumeSurge, MACD+, BeatingAvgBench",,,,,,,,
FLMI,66.4,blended,Hold,bond,23.39,4.6,92.0,"3yr, 5yr",2026-08-31,60,0.1,-2.4,55.8,2.02,0.1,0.7,-3.5,5.2,-9.2,33745634.0,5063,1.2,,,,,"VolumeSurge, MACD+, BeatingAvgBench, BeatingAllBench",1.2,1.3,,,,,,
RSPT,66.4,blended,Hold,equity_us,68.11,4.0,80.0,"3yr, 5yr, 10yr",2026-08-31,63,2.7,5.0,81.7,2.25,0.8,4.5,6.2,22.7,-26.9,34061600.0,5080,4.3,4.3,5.5,4.3,3.3,"Uptrend, Overbought(RSI), VolumeSurge, MACD+, BeatingAvgBench, BeatingAllBench",,,,,,,,
STXF,66.4,blended,Hold,equity_us,49.74,4.0,80.0,3yr,2026-08-31,63,0.3,0.4,55.1,1.71,0.6,0.2,-0.6,11.5,-3.7,2166650.0,572,0.1,0.0,1.2,0.0,-0.9,"Uptrend, VolumeSurge, MACD+, BeatingAvgBench, ShortHistory",,,,,,,,
SGLC,66.4,blended,Hold,equity_us,45.86,4.0,80.0,3yr,2026-08-31,63,0.4,0.7,62.2,13.97,1.3,1.2,0.4,21.0,-26.6,841050.0,3385,1.0,1.0,2.2,1.0,0.0,"Uptrend, VolumeSurge, MACD+, BeatingAvgBench, BeatingAllBench, LowLiquidity",,,,,,,,
USRT,66.0,blended,Hold,real_estate,61.61,4.3,86.0,"3yr, 5yr, 10yr",2026-08-31,61,-0.6,-4.1,45.9,2.47,0.5,-1.4,-6.1,16.5,-21.2,54029683.0,5080,0.2,,,,,"Downtrend, VolumeSurge, MACD+, BeatingAvgBench, BeatingAllBench",,,,,,0.2,,
UTEN,65.6,blended,Hold,equity_us,40.52,4.0,80.0,3yr,2026-08-31,62,-0.4,-2.7,52.9,1.95,-0.3,-0.2,-3.8,6.6,-12.2,4729207.0,4993,-0.4,-0.5,0.7,-0.5,-1.4,"Downtrend, VolumeSurge, MACD+",,,,,,,,
HYDB,65.6,blended,Hold,bond,44.7,4.0,80.0,"3yr, 5yr",2026-08-31,62,-0.9,-2.7,38.3,3.99,0.1,-1.2,-3.4,5.3,-7.9,6289352.0,5081,-0.7,,,,,"Downtrend, VolumeSurge, MACD+",-0.7,-0.7,,,,,,
AFMC,65.6,blended,Hold,equity_us,40.55,4.0,80.0,"3yr, 5yr",2026-08-31,62,1.5,0.1,79.3,6.48,1.1,1.2,-0.4,21.5,-23.6,1233698.0,3454,1.0,1.0,2.1,1.0,-0.0,"Overbought(RSI), VolumeSurge, MACD+, BeatingAvgBench",,,,,,,,
FYLD,65.6,blended,Hold,equity_intl,39.51,4.0,80.0,"3yr, 5yr, 10yr",2026-08-31,62,-0.9,-2.5,41.8,5.67,0.5,-2.0,-4.1,15.2,-16.9,2691197.0,5064,-0.9,,,,,"Downtrend, VolumeSurge, MACD+",,,-0.6,-1.3,,,,
GARP,65.6,blended,Hold,equity_us,86.59,5.0,100.0,"3yr, 5yr",2026-08-31,57,1.3,3.4,63.6,1.67,0.7,2.3,3.7,22.4,-24.9,34133503.0,4061,2.1,2.0,3.2,2.0,1.1,"Uptrend, VolumeSurge, MACD+, BeatingAvgBench, BeatingAllBench",,,,,,,,
TXS,65.6,blended,Hold,equity_us,41.8,5.0,100.0,3yr,2026-08-31,57,0.4,,79.9,2.01,1.2,-0.4,0.1,14.9,-4.2,190775.0,184,-0.5,-0.6,0.6,-0.6,-1.5,"Overbought(RSI), VolumeSurge, MACD+, LowLiquidity, ShortHistory",,,,,,,,
PXH,64.8,blended,Hold,equity_em,29.02,4.0,80.0,"3yr, 5yr, 10yr",2026-08-31,61,-0.3,-1.8,46.2,2.15,0.3,-0.9,-3.4,16.3,-19.2,6625709.0,5081,-1.4,,,,,"Downtrend, VolumeSurge, MACD+",,,,,-1.4,,,
MGV,64.8,blended,Hold,equity_us,161.57,4.4,88.0,"3yr, 5yr, 10yr",2026-08-31,59,-0.7,-2.4,49.1,1.97,0.3,-1.0,-4.0,11.9,-14.9,42112532.0,5036,-1.2,-1.3,-0.1,-1.2,-2.2,"Downtrend, VolumeSurge, MACD+",,,,,,,,
FTMA,64.8,blended,Hold,equity_us,8.53,4.0,80.0,"3yr, 5yr, 10yr",2026-08-31,61,-0.1,-2.2,50.0,1.71,0.0,0.7,-3.3,5.8,-7.8,2513883.0,1476,0.5,0.5,1.7,0.5,-0.5,"Downtrend, VolumeSurge, MACD+, BeatingAvgBench, ShortHistory",,,,,,,,
IDHQ,64.8,blended,Hold,equity_intl,43.38,5.0,100.0,"3yr, 5yr, 10yr",2026-08-31,56,-0.0,-2.3,56.9,1.65,1.0,-0.4,-4.5,17.3,-16.4,9245782.0,5068,0.7,,,,,"Downtrend, VolumeSurge, MACD+, BeatingAvgBench, BeatingAllBench",,,1.0,0.4,,,,
CEFS,64.8,blended,Hold,equity_intl,24.81,5.0,100.0,"3yr, 5yr",2026-08-31,56,0.9,-0.8,70.9,1.37,0.8,2.0,-1.9,13.1,-14.9,1891646.0,5079,3.1,,,,,"Overbought(RSI), MACD+, BeatingAvgBench, BeatingAllBench",,,3.4,2.7,,,,
REZ,64.8,blended,Hold,real_estate,87.74,4.2,84.0,"3yr, 5yr, 10yr",2026-08-31,60,-1.1,-4.6,36.3,3.99,0.2,-1.7,-6.8,16.6,-17.8,6308414.0,5074,-0.2,,,,,"Downtrend, VolumeSurge, MACD+",,,,,,-0.2,,
HYZD,64.8,blended,Hold,bond,22.26,5.0,100.0,"3yr, 5yr, 10yr",2026-08-31,56,-0.6,-1.4,43.1,1.75,-0.1,-0.7,-1.6,7.6,-7.4,2084921.0,4899,-0.2,,,,,"Downtrend, VolumeSurge, MACD+",-0.2,-0.2,,,,,,
DFCF,64.8,blended,Hold,bond,40.11,5.0,100.0,3yr,2026-08-31,56,-0.2,-2.1,52.4,1.58,-0.2,-0.2,-3.2,5.0,-8.2,64149351.0,5080,0.4,,,,,"Downtrend, VolumeSurge, MACD+, BeatingAvgBench, BeatingAllBench",0.3,0.4,,,,,,
HEEM,64.8,blended,Hold,equity_em,42.47,4.4,88.0,"3yr, 5yr, 10yr",2026-08-31,59,0.0,0.3,66.5,1.88,0.6,-0.7,0.9,19.3,-18.5,1235534.0,4291,-1.2,,,,,"Uptrend, VolumeSurge, MACD+",,,,,-1.2,,,
IVW,64.8,blended,Hold,equity_us,143.89,4.0,80.0,"3yr, 5yr, 10yr",2026-08-31,61,0.8,2.5,56.0,1.96,0.8,1.0,2.1,18.8,-23.2,205830156.0,5080,0.8,0.7,1.9,0.8,-0.2,"Uptrend, VolumeSurge, MACD+, BeatingAvgBench",,,,,,,,
TYLG,64.8,blended,Hold,equity_intl,43.97,5.0,100.0,3yr,2026-08-31,56,2.0,,70.9,3.35,1.2,1.6,9.3,32.6,-25.1,284421.0,2027,2.7,,,,,"Overbought(RSI), VolumeSurge, MACD+, BeatingAvgBench, BeatingAllBench, LowLiquidity",,,3.0,2.4,,,,
VLUE,64.8,blended,Hold,equity_us,200.28,5.0,100.0,"3yr, 5yr, 10yr",2026-08-31,56,0.3,-0.4,59.0,1.68,0.2,0.6,-1.4,17.4,-19.8,104398246.0,5080,0.4,0.4,1.5,0.4,-0.6,"VolumeSurge, MACD+, BeatingAvgBench",,,,,,,,
IXN,64.4,blended,Hold,equity_intl,151.6,4.3,86.0,"3yr, 5yr, 10yr",2026-08-31,59,2.1,5.7,69.7,1.74,1.2,3.0,7.3,24.0,-25.9,37792551.0,5080,4.1,,,,,"Uptrend, VolumeSurge, MACD+, BeatingAvgBench, BeatingAllBench",,,4.4,3.7,,,,
EWT,64.0,blended,Hold,equity_em,115.74,5.0,100.0,"3yr, 5yr, 10yr",2026-08-31,55,1.8,4.6,73.0,1.38,2.6,2.0,5.2,26.7,-30.5,376866027.0,5080,1.5,,,,,"Uptrend, Overbought(RSI), MACD+, BeatingAvgBench, BeatingAllBench",,,,,1.5,,,
HEFA,64.0,blended,Hold,equity_intl,46.47,4.8,96.0,"3yr, 5yr, 10yr",2026-08-31,56,-0.2,-0.7,49.0,1.52,0.8,-0.8,-1.5,13.4,-15.1,23600245.0,5080,0.3,,,,,"Downtrend, VolumeSurge, MACD+, BeatingAvgBench",,,0.6,-0.1,,,,
HYGH,64.0,blended,Hold,bond,85.05,5.0,100.0,"3yr, 5yr, 10yr",2026-08-31,55,-0.9,-1.5,26.3,2.43,-0.4,-1.2,-1.6,5.9,-9.9,5009386.0,5049,-0.6,,,,,"Downtrend, Oversold(RSI), VolumeSurge",-0.7,-0.6,,,,,,
SDCI,64.0,blended,Hold,commodity,30.99,5.0,100.0,"3yr, 5yr",2026-08-31,55,-0.9,-0.1,37.1,1.91,-1.2,-0.9,0.7,17.5,-12.8,11465586.0,4259,-0.6,,,,,VolumeSurge,,,,,,,-0.4,-0.8
FYX,64.0,blended,Hold,equity_us,136.41,4.2,84.0,"3yr, 5yr, 10yr",2026-08-31,59,0.4,-2.2,62.7,4.25,0.7,-0.3,-3.8,21.5,-29.8,5956165.0,4936,-0.5,-0.5,0.7,-0.5,-1.5,"VolumeSurge, MACD+",,,,,,,,
FTCA,64.0,blended,Hold,equity_us,6.84,4.0,80.0,"3yr, 5yr, 10yr",2026-08-31,60,-0.3,-3.0,48.8,1.75,-0.1,0.4,-4.3,5.8,-9.4,2695044.0,1567,0.2,0.2,1.3,0.2,-0.8,"Downtrend, VolumeSurge, MACD+, BeatingAvgBench, ShortHistory",,,,,,,,
ONEQ,64.0,blended,Hold,equity_us,107.06,4.4,88.0,"3yr, 5yr, 10yr",2026-08-31,58,0.9,2.5,56.6,1.72,0.9,1.1,2.1,19.2,-24.4,20776008.0,5079,1.0,0.9,2.1,0.9,-0.0,"Uptrend, VolumeSurge, MACD+, BeatingAvgBench",,,,,,,,
MGK,64.0,blended,Hold,equity_us,93.59,4.4,88.0,"3yr, 5yr, 10yr",2026-08-31,58,0.7,3.1,54.2,1.69,0.7,1.0,3.1,19.3,-24.2,104502891.0,5080,0.9,0.8,2.0,0.8,-0.2,"Uptrend, VolumeSurge, MACD+, BeatingAvgBench",,,,,,,,
LGDS,64.0,blended,Hold,equity_us,51.19,4.0,80.0,"3yr, 5yr, 10yr",2026-08-31,60,1.1,3.3,64.2,1.46,1.3,1.3,5.2,17.8,-7.2,2391176.0,389,1.2,1.1,2.3,1.1,0.2,"Uptrend, MACD+, BeatingAvgBench, BeatingAllBench, ShortHistory",,,,,,,,
HYS,63.6,blended,Hold,bond,89.87,4.1,82.0,"3yr, 5yr, 10yr",2026-08-31,59,-0.8,-2.2,39.4,1.98,0.0,-1.0,-2.8,5.0,-6.7,10856156.0,5080,-0.5,,,,,"Downtrend, VolumeSurge, MACD+",-0.5,-0.5,,,,,,
FTOH,63.6,blended,Hold,equity_us,7.89,4.3,86.0,"3yr, 5yr, 10yr",2026-08-31,58,0.0,-2.8,54.3,1.47,-0.1,-0.2,-4.5,7.0,-8.9,403311.0,1165,-0.4,-0.4,0.8,-0.4,-1.4,"MACD+, LowLiquidity, ShortHistory",,,,,,,,
IEF,63.2,blended,Hold,bond,89.04,5.0,100.0,"3yr, 5yr, 10yr",2026-08-31,54,-0.5,-2.5,45.1,1.65,-0.3,-0.6,-3.5,5.9,-10.4,784925332.0,5080,-0.0,,,,,"Downtrend, VolumeSurge, MACD+",-0.1,-0.0,,,,,,
CVIE,63.2,blended,Hold,equity_intl,83.51,5.0,100.0,3yr,2026-08-31,54,-0.2,-1.5,52.4,1.45,1.2,-1.4,-1.6,17.5,-14.9,1602353.0,4074,-0.3,,,,,"Downtrend, MACD+",,,0.0,-0.6,,,,
AGGH,63.2,blended,Hold,bond,18.92,4.0,80.0,3yr,2026-08-31,59,-0.5,-2.9,52.8,4.85,-0.2,-0.5,-4.0,8.4,-15.3,7691022.0,5026,0.0,,,,,"Downtrend, VolumeSurge, MACD+, BeatingAvgBench",-0.0,0.0,,,,,,
VRIG,62.4,blended,Hold,bond,25.03,5.0,100.0,"3yr, 5yr",2026-08-31,53,0.0,-0.1,66.7,0.75,0.0,0.0,-0.2,1.8,-1.7,18464056.0,5080,0.5,,,,,"MACD+, BeatingAvgBench, BeatingAllBench",0.5,0.5,,,,,,
LALT,62.4,blended,Hold,equity_us,24.64,4.0,80.0,3yr,2026-08-31,58,-0.3,0.0,34.6,4.18,-0.4,0.2,0.4,22.8,-11.1,3505143.0,2587,-0.0,-0.1,1.1,-0.1,-1.0,VolumeSurge,,,,,,,,
SDSI,62.4,blended,Hold,bond,50.54,4.0,80.0,3yr,2026-08-31,58,-0.0,-0.7,53.6,1.36,-0.1,-0.0,-1.1,3.7,-2.9,2305764.0,3247,0.5,,,,,"Downtrend, MACD+, BeatingAvgBench, BeatingAllBench",0.5,0.5,,,,,,
HTUS,62.4,blended,Hold,equity_us,45.83,5.0,100.0,"3yr, 5yr, 10yr",2026-08-31,53,0.1,0.4,53.2,1.15,0.5,-0.2,-0.0,24.5,-36.2,574611.0,3864,-0.4,-0.4,0.8,-0.4,-1.4,"Uptrend, MACD+, LowLiquidity, Leveraged",,,,,,,,
HMOP,62.4,blended,Hold,equity_us,37.07,4.0,80.0,"3yr, 5yr",2026-08-31,58,0.2,-2.0,61.2,1.4,-0.0,0.6,-3.2,5.4,-8.3,8582658.0,5061,0.5,0.4,1.6,0.4,-0.6,"MACD+, BeatingAvgBench",,,,,,,,
INMU,62.4,blended,Hold,equity_us,22.95,4.6,92.0,"3yr, 5yr",2026-08-31,55,0.2,-1.5,58.4,0.99,0.1,0.8,-2.1,5.0,-7.7,12930201.0,3722,0.6,0.6,1.7,0.6,-0.4,"MACD+, BeatingAvgBench",,,,,,,,
CGDV,62.4,blended,Hold,equity_us,49.14,5.0,100.0,3yr,2026-08-31,53,-0.0,-0.8,50.6,1.22,0.5,-0.1,-2.0,13.4,-15.6,154139005.0,5080,-0.2,-0.3,0.9,-0.3,-1.3,"Downtrend, MACD+",,,,,,,,
USMC,62.4,blended,Hold,equity_us,77.23,4.2,84.0,"3yr, 5yr",2026-08-31,57,0.3,1.0,51.1,1.58,0.7,0.1,0.1,14.4,-20.2,5274595.0,5070,-0.1,-0.1,1.0,-0.1,-1.1,"Uptrend, VolumeSurge, MACD+",,,,,,,,
PFRL,62.4,blended,Hold,equity_us,49.52,5.0,100.0,3yr,2026-08-31,53,-0.4,-0.6,51.0,0.99,0.3,-0.7,-0.4,6.0,-9.8,812936.0,3863,-0.9,-0.9,0.3,-0.9,-1.9,"Downtrend, MACD+, LowLiquidity",,,,,,,,
FNDX,62.4,blended,Hold,equity_us,31.69,4.8,96.0,"3yr, 5yr, 10yr",2026-08-31,54,-0.1,-1.7,54.9,1.36,0.4,-0.5,-3.3,12.8,-17.3,104877188.0,5080,-0.7,-0.7,0.5,-0.7,-1.7,"Downtrend, MACD+",,,,,,,,
BLCV,62.4,blended,Hold,equity_us,41.46,4.0,80.0,3yr,2026-08-31,58,-0.6,-2.6,42.1,2.14,0.4,-1.5,-3.5,18.0,-15.1,466818.0,2737,-1.7,-1.7,-0.6,-1.7,-2.7,"Downtrend, VolumeSurge, MACD+, LowLiquidity",,,,,,,,
TMFC,62.4,blended,Hold,equity_us,80.77,4.6,92.0,"3yr, 5yr",2026-08-31,55,0.5,1.5,53.8,1.42,0.7,0.3,0.8,16.8,-21.2,4205416.0,5082,0.2,0.1,1.3,0.1,-0.8,"Uptrend, MACD+, BeatingAvgBench",,,,,,,,
EQWL,62.4,blended,Hold,equity_us,129.57,4.4,88.0,"3yr, 5yr, 10yr",2026-08-31,56,-0.3,-2.1,51.8,1.57,0.3,-0.4,-4.2,12.9,-15.8,15206539.0,5082,-0.6,-0.6,0.6,-0.6,-1.6,"Downtrend, VolumeSurge, MACD+",,,,,,,,
SHYG,62.0,blended,Hold,bond,41.05,4.1,82.0,"3yr, 5yr, 10yr",2026-08-31,57,-0.6,-1.8,38.9,1.76,0.0,-0.8,-2.3,4.4,-6.4,61018021.0,5080,-0.3,,,,,"Downtrend, VolumeSurge, MACD+",-0.3,-0.3,,,,,,
IGIB,62.0,blended,Hold,bond,50.15,4.7,94.0,"3yr, 5yr, 10yr",2026-08-31,54,-0.6,-2.4,41.3,1.54,-0.2,-0.6,-3.3,5.1,-8.4,166001434.0,5080,-0.1,,,,,"Downtrend, VolumeSurge, MACD+",-0.1,-0.1,,,,,,
CLSE,61.6,blended,Hold,equity_us,34.27,5.0,100.0,"3yr, 5yr, 10yr",2026-08-31,52,0.7,1.1,53.5,0.9,0.6,0.8,0.9,13.9,-16.9,13704674.0,4898,0.6,0.6,1.8,0.6,-0.4,"Uptrend, MACD+, BeatingAvgBench",,,,,,,,
DFIP,61.6,blended,Hold,bond,39.09,4.0,80.0,3yr,2026-08-31,57,-0.1,-1.8,56.3,1.68,-0.2,-0.1,-2.9,4.9,-8.8,5828438.0,5077,0.4,,,,,"Downtrend, VolumeSurge, MACD+, BeatingAvgBench, BeatingAllBench",0.4,0.5,,,,,,
CVSB,61.6,blended,Hold,bond,50.46,4.0,80.0,3yr,2026-08-31,57,-0.2,-0.4,55.2,1.0,0.0,-0.3,-0.3,2.7,-1.0,2152573.0,3794,0.2,,,,,"Downtrend, MACD+, BeatingAvgBench, BeatingAllBench, Leveraged",0.1,0.2,,,,,,
USVM,61.6,blended,Hold,equity_us,105.1,4.4,88.0,"3yr, 5yr",2026-08-31,55,0.9,-1.6,67.4,1.87,1.1,0.7,-3.6,19.0,-26.0,4533337.0,4413,0.6,0.5,1.7,0.5,-0.5,"VolumeSurge, MACD+, BeatingAvgBench",,,,,,,,
TUSI,61.6,blended,Hold,bond,25.23,4.0,80.0,3yr,2026-08-31,57,-0.1,-0.3,52.0,1.01,-0.0,-0.3,-0.3,2.3,-1.3,7386888.0,3947,0.2,,,,,"Downtrend, MACD+, BeatingAvgBench, BeatingAllBench, Leveraged",0.2,0.2,,,,,,
FYC,61.6,blended,Hold,equity_us,116.47,4.6,92.0,"3yr, 5yr, 10yr",2026-08-31,54,0.3,-1.4,54.2,1.83,0.7,0.1,-2.4,22.8,-28.8,9164956.0,4909,-0.0,-0.1,1.1,-0.1,-1.0,"VolumeSurge, MACD+",,,,,,,,
HFXI,61.6,blended,Hold,equity_intl,37.35,4.8,96.0,"3yr, 5yr, 10yr",2026-08-31,53,-0.1,-1.1,53.1,1.19,0.9,-0.5,-2.1,15.0,-14.0,16625179.0,5082,0.6,,,,,"Downtrend, MACD+, BeatingAvgBench, BeatingAllBench",,,0.9,0.2,,,,
WTMF,61.6,blended,Hold,equity_us,42.51,4.0,80.0,"3yr, 5yr, 10yr",2026-08-31,57,0.6,0.8,60.0,1.29,0.4,0.6,1.2,11.4,-12.6,1421480.0,4886,0.5,0.4,1.6,0.4,-0.5,"Uptrend, MACD+, BeatingAvgBench",,,,,,,,
XYLG,61.6,blended,Hold,equity_intl,29.69,4.0,80.0,"3yr, 5yr",2026-08-31,57,0.2,0.5,57.8,1.9,0.5,0.1,0.8,18.4,-30.1,731253.0,4373,1.2,,,,,"Uptrend, VolumeSurge, MACD+, BeatingAvgBench, BeatingAllBench, LowLiquidity",,,1.5,0.9,,,,
TBUX,61.6,blended,Hold,bond,49.62,4.0,80.0,3yr,2026-08-31,57,-0.0,-0.3,58.7,0.97,0.0,0.1,-0.4,2.2,-1.1,18262923.0,4774,0.6,,,,,"Downtrend, MACD+, BeatingAvgBench, BeatingAllBench, Leveraged",0.6,0.6,,,,,,
SMH,61.6,blended,Hold,equity_us,630.73,5.0,100.0,"3yr, 5yr, 10yr",2026-08-31,52,3.7,9.9,74.9,1.12,2.1,5.4,14.2,34.7,-36.1,3401224005.0,5080,5.2,5.1,6.3,5.2,4.2,"Uptrend, Overbought(RSI), MACD+, BeatingAvgBench, BeatingAllBench",,,,,,,,
XTL,61.6,blended,Hold,equity_us,210.12,4.6,92.0,"3yr, 5yr, 10yr",2026-08-31,54,2.4,1.1,79.3,1.67,1.6,3.5,0.7,28.4,-24.0,10357375.0,4143,3.3,3.3,4.5,3.3,2.3,"Overbought(RSI), VolumeSurge, MACD+, BeatingAvgBench, BeatingAllBench",,,,,,,,
QTUM,61.6,blended,Hold,equity_us,156.11,5.0,100.0,"3yr, 5yr",2026-08-31,52,2.2,4.9,72.9,1.31,1.8,3.2,6.8,27.4,-27.4,40588020.0,5069,3.1,3.0,4.2,3.0,2.1,"Uptrend, Overbought(RSI), MACD+, BeatingAvgBench, BeatingAllBench",,,,,,,,
SOXQ,61.6,blended,Hold,equity_us,103.34,5.0,100.0,"3yr, 5yr",2026-08-31,52,3.8,10.2,75.5,1.07,2.4,5.7,15.7,36.8,-39.6,112166939.0,5080,5.6,5.5,6.7,5.5,4.5,"Uptrend, Overbought(RSI), MACD+, BeatingAvgBench, BeatingAllBench",,,,,,,,
USTB,61.6,blended,Hold,bond,49.95,5.0,100.0,"3yr, 5yr",2026-08-31,52,0.1,-0.5,63.1,0.7,-0.0,0.1,-1.0,2.2,-2.5,20297365.0,5075,0.6,,,,,"MACD+, BeatingAvgBench, BeatingAllBench",0.6,0.6,,,,,,
AVLV,61.6,blended,Hold,equity_us,91.45,5.0,100.0,3yr,2026-08-31,52,0.2,-1.6,62.6,1.36,0.4,0.0,-3.6,14.7,-20.4,133549914.0,5081,-0.1,-0.2,1.0,-0.2,-1.2,MACD+,,,,,,,,
NTSI,61.6,blended,Hold,equity_intl,45.82,4.0,80.0,3yr,2025-09-30,57,-0.9,-3.5,43.4,1.95,0.8,-1.8,-4.7,15.2,-14.4,806129.0,4550,-0.7,,,,,"Downtrend, VolumeSurge, MACD+, LowLiquidity",,,-0.4,-1.1,,,,
INCM,60.8,blended,Hold,equity_us,28.43,4.0,80.0,3yr,2026-08-31,56,-0.7,-2.4,52.1,1.31,-0.2,-0.8,-3.6,7.6,-9.7,11957902.0,5073,-1.0,-1.1,0.1,-1.1,-2.0,"Downtrend, MACD+",,,,,,,,
PVAL,60.8,blended,Hold,equity_us,52.73,5.0,100.0,"3yr, 5yr",2026-08-31,51,-0.4,-1.8,42.5,1.25,0.2,-1.0,-3.2,13.3,-16.9,83605573.0,5071,-1.1,-1.2,-0.0,-1.2,-2.2,"Downtrend, MACD+",,,,,,,,
SEIX,60.8,blended,Hold,equity_us,23.19,4.0,80.0,"3yr, 5yr",2026-08-31,56,-0.1,-0.4,49.5,1.14,0.2,-0.2,-0.5,3.6,-5.5,4118773.0,5052,-0.4,-0.4,0.8,-0.4,-1.4,"Downtrend, MACD+",,,,,,,,
SPMO,60.8,blended,Hold,equity_us,153.19,5.0,100.0,"3yr, 5yr, 10yr",2026-08-31,51,0.8,3.0,58.1,1.02,0.5,1.6,4.1,21.1,-21.2,271041934.0,5071,1.4,1.4,2.5,1.4,0.4,"Uptrend, MACD+, BeatingAvgBench, BeatingAllBench",,,,,,,,
TFLR,60.8,blended,Hold,equity_us,50.53,4.0,80.0,3yr,2026-08-31,56,-0.1,-0.4,56.9,1.04,0.2,-0.0,-0.4,4.5,-5.9,6899138.0,4820,-0.2,-0.3,0.9,-0.2,-1.2,"Downtrend, MACD+",,,,,,,,
BFOR,60.8,blended,Hold,equity_us,23.31,4.0,80.0,"3yr, 5yr, 10yr",2026-08-31,56,0.8,-1.6,65.6,5.85,0.6,0.4,-2.7,225.9,-75.0,1045076.0,3112,0.3,0.2,1.4,0.2,-0.8,"VolumeSurge, MACD+, BeatingAvgBench",,,,,,,,
IDEQ,60.8,blended,Hold,equity_intl,34.95,5.0,100.0,"3yr, 5yr, 10yr",2026-08-31,51,-0.9,-2.1,47.0,1.27,0.6,-1.3,-3.4,18.2,-13.4,12194531.0,1881,-0.2,,,,,"Downtrend, MACD+",,,0.1,-0.5,,,,
CHAT,60.8,blended,Hold,equity_us,95.17,5.0,100.0,3yr,2026-08-31,51,2.8,6.4,72.2,1.16,1.9,4.5,9.5,31.7,-31.8,22120725.0,5076,4.3,4.3,5.4,4.3,3.3,"Uptrend, Overbought(RSI), MACD+, BeatingAvgBench, BeatingAllBench",,,,,,,,
CGMU,60.8,blended,Hold,equity_us,26.02,4.0,80.0,3yr,2026-08-31,56,-0.0,-2.0,56.5,1.18,0.0,0.4,-2.9,3.6,-7.8,64875312.0,5080,0.2,0.2,1.3,0.2,-0.8,"Downtrend, MACD+, BeatingAvgBench",,,,,,,,
FLN,60.8,blended,Hold,equity_us,25.35,4.0,80.0,"3yr, 5yr, 10yr",2026-03-31,56,-1.5,-1.6,50.8,6.04,1.1,-1.2,-0.3,30.4,-28.4,386442.0,3117,-1.4,-1.5,-0.3,-1.4,-2.4,"Downtrend, VolumeSurge, MACD+, LowLiquidity",,,,,,,,
UYLD,60.8,blended,Hold,bond,50.77,5.0,100.0,3yr,2026-08-31,51,-0.2,-0.4,57.6,0.17,0.0,-0.3,-0.5,1.9,-1.4,29670972.0,4934,0.2,,,,,"Downtrend, MACD+, BeatingAvgBench, BeatingAllBench",0.2,0.2,,,,,,
VFLO,60.8,blended,Hold,equity_us,51.78,5.0,100.0,3yr,2026-08-31,51,0.5,-3.6,61.3,1.24,-0.7,1.3,-7.7,16.2,-19.5,128501751.0,5013,1.1,1.1,2.2,1.1,0.1,"MACD+, BeatingAvgBench, BeatingAllBench",,,,,,,,
ACIO,60.8,blended,Hold,equity_intl,47.25,4.0,80.0,"3yr, 5yr",2026-08-31,56,0.3,0.6,54.3,1.13,0.5,0.2,0.1,10.0,-12.5,5733773.0,5079,1.3,,,,,"Uptrend, MACD+, BeatingAvgBench, BeatingAllBench",,,1.6,0.9,,,,
IHDG,60.8,blended,Hold,equity_intl,51.9,4.6,92.0,"3yr, 5yr, 10yr",2026-08-31,53,-0.4,-1.3,47.8,1.32,0.8,-1.1,-2.2,13.8,-19.1,5348081.0,5081,-0.0,,,,,"Downtrend, MACD+",,,0.3,-0.3,,,,
OEF,60.8,blended,Hold,equity_us,384.33,5.0,100.0,"3yr, 5yr, 10yr",2026-08-31,51,0.2,0.9,50.7,1.09,0.6,0.1,-0.1,15.3,-20.5,76435912.0,5080,-0.1,-0.2,1.0,-0.1,-1.1,"Uptrend, MACD+",,,,,,,,
JMOM,60.8,blended,Hold,equity_us,85.01,4.4,88.0,"3yr, 5yr",2026-08-31,54,1.5,2.6,72.2,1.24,1.1,2.0,2.8,16.7,-20.1,9700941.0,5053,1.9,1.8,3.0,1.8,0.9,"Uptrend, Overbought(RSI), MACD+, BeatingAvgBench, BeatingAllBench",,,,,,,,
PKW,60.8,blended,Hold,equity_us,144.62,4.4,88.0,"3yr, 5yr, 10yr",2026-08-31,54,0.2,-3.2,68.5,1.71,0.0,-0.2,-6.4,15.4,-21.9,5459285.0,4962,-0.4,-0.4,0.8,-0.4,-1.4,"VolumeSurge, MACD+",,,,,,,,
CSHI,60.8,blended,Hold,bond,49.74,4.0,80.0,3yr,2026-08-31,56,0.1,0.1,54.0,0.97,0.0,0.1,-0.1,2.0,-2.8,39409469.0,5081,0.6,,,,,"Uptrend, MACD+, BeatingAvgBench, BeatingAllBench",0.6,0.6,,,,,,
QQQJ,60.8,blended,Hold,equity_us,44.45,4.4,88.0,"3yr, 5yr",2026-08-31,54,0.6,-0.6,62.9,1.57,0.5,1.3,-1.8,18.5,-23.1,7301206.0,5080,1.1,1.0,2.2,1.0,0.1,"VolumeSurge, MACD+, BeatingAvgBench, BeatingAllBench",,,,,,,,
VOOG,60.0,blended,Hold,equity_us,86.46,4.0,80.0,"3yr, 5yr, 10yr",2026-08-31,55,0.8,2.4,55.7,1.38,0.8,0.9,2.1,18.9,-23.1,95203551.0,5080,0.8,0.7,1.9,0.7,-0.2,"Uptrend, MACD+, BeatingAvgBench",,,,,,,,
RWL,60.0,blended,Hold,equity_us,129.7,4.8,96.0,"3yr, 5yr, 10yr",2026-08-31,51,-0.1,-2.2,58.6,1.11,0.4,-0.6,-4.4,12.3,-15.0,34877489.0,5081,-0.7,-0.8,0.4,-0.8,-1.8,"Downtrend, MACD+",,,,,,,,
ADPV,60.0,blended,Hold,equity_us,44.25,4.0,80.0,3yr,2026-08-31,55,1.6,-1.0,74.7,1.91,2.8,1.6,-1.1,25.9,-22.0,502708.0,3572,1.4,1.4,2.6,1.4,0.4,"Overbought(RSI), VolumeSurge, MACD+, BeatingAvgBench, BeatingAllBench, LowLiquidity",,,,,,,,
QQQ,60.0,blended,Hold,equity_us,749.34,4.8,96.0,"3yr, 5yr, 10yr",2026-08-31,51,1.1,3.7,59.6,0.97,0.9,1.8,4.4,19.1,-23.2,21017723466.0,5080,1.6,1.6,2.7,1.6,0.6,"Uptrend, MACD+, BeatingAvgBench, BeatingAllBench",,,,,,,,
HFSI,60.0,blended,Hold,equity_us,33.54,5.0,100.0,3yr,2026-08-31,50,-0.6,-2.5,49.0,0.7,-0.2,-1.0,-3.7,4.2,-7.0,8263167.0,2469,-1.1,-1.2,-0.0,-1.2,-2.1,"Downtrend, MACD+",,,,,,,,
WTV,60.0,blended,Hold,equity_us,103.14,5.0,100.0,"3yr, 5yr, 10yr",2026-08-31,50,-0.3,-3.3,56.7,1.19,0.3,-0.4,-5.9,14.7,-19.9,18272724.0,5004,-0.5,-0.6,0.6,-0.6,-1.6,"Downtrend, MACD+",,,,,,,,
FDRR,60.0,blended,Hold,equity_us,68.62,4.4,88.0,"3yr, 5yr",2026-08-31,53,-0.0,-1.1,50.1,1.33,0.6,-0.7,-2.8,13.9,-18.8,1312800.0,4985,-0.9,-0.9,0.3,-0.9,-1.9,"Downtrend, MACD+",,,,,,,,
PWRD,60.0,blended,Hold,equity_us,107.33,5.0,100.0,3yr,2026-08-31,50,1.4,1.3,68.5,1.3,1.5,1.4,1.8,28.1,-24.1,7384319.0,2879,1.2,1.1,2.3,1.1,0.2,"MACD+, BeatingAvgBench, BeatingAllBench",,,,,,,,
PULS,60.0,blended,Hold,bond,49.48,4.0,80.0,"3yr, 5yr",2026-08-31,55,-0.2,-0.2,72.7,0.98,0.0,-0.3,-0.2,1.5,-0.9,166668637.0,5080,0.2,,,,,"Downtrend, Overbought(RSI), MACD+, BeatingAvgBench, BeatingAllBench, Leveraged",0.2,0.2,,,,,,
NVDY,60.0,blended,Hold,equity_us,12.84,5.0,100.0,3yr,2026-08-31,50,1.0,2.0,51.5,1.64,0.7,0.1,-1.0,39.4,-63.4,23239827.0,5080,-0.1,-0.1,1.0,-0.1,-1.1,"Uptrend, VolumeSurge, MACD+",,,,,,,,
DFUS,60.0,blended,Hold,equity_us,83.89,4.0,80.0,"3yr, 5yr, 10yr",2026-08-31,55,0.4,0.5,56.7,1.44,0.7,0.3,-0.5,14.8,-20.0,54105549.0,5080,0.2,0.1,1.3,0.1,-0.8,"Uptrend, MACD+, BeatingAvgBench",,,,,,,,
AIQ,60.0,blended,Hold,equity_intl,66.12,4.0,80.0,"3yr, 5yr",2026-08-31,55,0.9,2.7,62.6,1.52,0.5,2.1,2.7,23.5,-26.2,69238933.0,5080,3.2,,,,,"Uptrend, VolumeSurge, MACD+, BeatingAvgBench, BeatingAllBench",,,3.5,2.9,,,,
EMXC,60.0,blended,Hold,equity_em,100.85,4.0,80.0,"3yr, 5yr",2026-08-31,55,0.9,1.4,70.6,1.33,1.6,1.4,1.7,20.1,-21.0,155131586.0,5080,0.9,,,,,"Uptrend, Overbought(RSI), MACD+, BeatingAvgBench, BeatingAllBench",,,,,0.9,,,
QQQM,60.0,blended,Hold,equity_us,308.41,4.6,92.0,"3yr, 5yr",2026-08-31,52,1.0,3.6,58.9,1.01,0.8,1.7,4.4,19.0,-23.1,721682983.0,5080,1.6,1.5,2.7,1.5,0.5,"Uptrend, MACD+, BeatingAvgBench, BeatingAllBench",,,,,,,,
BUXX,60.0,blended,Hold,bond,20.15,4.0,80.0,3yr,2026-08-31,55,-0.1,-0.2,59.3,0.9,0.0,0.1,-0.3,2.0,-1.6,6497511.0,5066,0.6,,,,,"Downtrend, MACD+, BeatingAvgBench, BeatingAllBench",0.6,0.6,,,,,,
SAMT,60.0,blended,Hold,equity_us,42.17,5.0,100.0,3yr,2026-08-31,50,0.2,-0.4,60.8,0.99,0.7,0.6,-1.6,17.5,-18.9,6886766.0,4294,0.4,0.4,1.6,0.4,-0.6,"MACD+, BeatingAvgBench",,,,,,,,
SEIV,60.0,blended,Hold,equity_us,49.8,5.0,100.0,3yr,2026-08-31,50,0.6,-1.2,67.4,1.11,0.7,0.6,-3.3,15.3,-19.2,6062961.0,4588,0.4,0.4,1.6,0.4,-0.6,"MACD+, BeatingAvgBench",,,,,,,,
SEPQ,60.0,blended,Hold,equity_us,27.96,5.0,100.0,3yr,2026-08-31,50,0.6,,57.1,0.85,0.4,0.3,2.8,12.4,-2.3,710317.0,199,0.2,0.1,1.3,0.1,-0.9,"MACD+, BeatingAvgBench, LowLiquidity, ShortHistory",,,,,,,,
AVMA,60.0,blended,Hold,equity_us,72.14,5.0,100.0,3yr,2026-08-31,50,0.0,-1.4,54.0,0.88,0.7,-0.1,-2.0,15.1,-13.5,861419.0,2219,-0.3,-0.3,0.9,-0.3,-1.3,"MACD+, LowLiquidity",,,,,,,,
GUSE,60.0,blended,Hold,commodity,46.19,4.2,84.0,"3yr, 5yr, 10yr",2026-08-31,54,1.0,1.3,58.9,0.76,1.0,1.5,-0.2,17.4,-8.5,412083.0,937,1.9,,,,,"Uptrend, MACD+, BeatingAvgBench, BeatingAllBench, LowLiquidity, ShortHistory",,,,,,,2.1,1.6
TGLR,60.0,blended,Hold,equity_us,39.24,4.0,80.0,3yr,2026-08-31,55,0.3,-2.3,57.3,1.83,1.5,-0.9,-5.3,22.1,-20.4,245063.0,2719,-1.1,-1.1,0.0,-1.1,-2.1,"VolumeSurge, MACD+, LowLiquidity",,,,,,,,
SPHB,60.0,blended,Hold,equity_us,154.76,5.0,100.0,"3yr, 5yr, 10yr",2026-08-31,50,1.9,4.5,77.4,1.21,1.3,3.0,6.1,25.5,-29.9,38355200.0,5080,2.8,2.7,3.9,2.7,1.8,"Uptrend, Overbought(RSI), MACD+, BeatingAvgBench, BeatingAllBench",,,,,,,,
TSCV,60.0,blended,Hold,equity_us,29.84,4.0,80.0,3yr,2026-08-31,55,0.1,-4.9,62.8,1.93,2.1,-0.5,-7.5,28.0,-11.3,168900.0,467,-0.6,-0.7,0.5,-0.7,-1.6,"VolumeSurge, MACD+, LowLiquidity, ShortHistory",,,,,,,,
RAAX,60.0,blended,Hold,equity_intl,40.22,5.0,100.0,"3yr, 5yr",2026-08-31,50,0.1,-2.0,73.6,1.01,0.1,0.4,-3.5,15.1,-11.6,9752320.0,4795,1.5,,,,,"Overbought(RSI), MACD+, BeatingAvgBench, BeatingAllBench",,,1.8,1.2,,,,
HYBL,60.0,blended,Hold,bond,27.44,4.0,80.0,3yr,2026-08-31,55,-0.6,-1.5,39.0,1.52,0.1,-0.8,-2.0,4.3,-6.1,2669102.0,5052,-0.3,,,,,"Downtrend, VolumeSurge, MACD+",-0.4,-0.3,,,,,,
FTXL,60.0,blended,Hold,equity_us,263.26,4.0,80.0,"3yr, 5yr",2026-08-31,55,3.8,12.1,73.4,1.27,2.5,5.9,19.8,38.2,-43.1,29742549.0,4968,5.7,5.7,6.9,5.7,4.7,"Uptrend, Overbought(RSI), MACD+, BeatingAvgBench, BeatingAllBench",,,,,,,,
DFLV,60.0,blended,Hold,equity_us,40.44,4.0,80.0,3yr,2026-08-31,55,-0.2,-2.2,55.5,1.58,0.4,-0.6,-4.1,13.6,-18.7,24361580.0,5082,-0.8,-0.8,0.3,-0.8,-1.8,"Downtrend, VolumeSurge, MACD+",,,,,,,,
FDLS,60.0,blended,Hold,equity_us,42.13,5.0,100.0,3yr,2026-08-31,50,1.4,-0.8,85.6,1.57,1.1,1.3,-2.0,20.6,-29.1,874329.0,4126,1.2,1.1,2.3,1.1,0.2,"Overbought(RSI), VolumeSurge, MACD+, BeatingAvgBench, BeatingAllBench, LowLiquidity",,,,,,,,
MEAR,59.6,blended,Neutral,bond,49.6,4.3,86.0,"3yr, 5yr, 10yr",2026-08-31,53,-0.1,-0.7,48.6,0.76,0.0,0.0,-0.9,1.6,-2.2,14267224.0,5063,0.5,,,,,"Downtrend, MACD+, BeatingAvgBench, BeatingAllBench",0.5,0.5,,,,,,
FTEC,59.6,blended,Neutral,equity_us,306.27,4.3,86.0,"3yr, 5yr, 10yr",2026-08-31,53,1.8,5.2,66.4,1.32,0.9,2.5,6.2,23.6,-27.9,67197412.0,5080,2.3,2.3,3.5,2.3,1.3,"Uptrend, MACD+, BeatingAvgBench, BeatingAllBench",,,,,,,,
IYW,59.2,blended,Neutral,equity_us,269.58,4.4,88.0,"3yr, 5yr, 10yr",2026-08-31,52,1.6,5.4,61.9,1.08,0.9,2.2,6.7,23.2,-27.2,116809987.0,5080,2.1,2.0,3.2,2.0,1.0,"Uptrend, MACD+, BeatingAvgBench, BeatingAllBench",,,,,,,,
VNLA,59.2,blended,Neutral,bond,48.58,4.0,80.0,"3yr, 5yr",2026-08-31,54,-0.2,-0.4,55.7,0.74,-0.0,-0.3,-0.4,1.6,-1.6,22206417.0,5080,0.2,,,,,"Downtrend, MACD+, BeatingAvgBench, BeatingAllBench",0.2,0.2,,,,,,
EMGF,59.2,blended,Neutral,equity_em,72.0,4.0,80.0,"3yr, 5yr, 10yr",2026-08-31,54,0.1,-0.2,61.7,1.3,0.8,0.3,-0.8,18.9,-19.6,8046735.0,5076,-0.2,,,,,MACD+,,,,,-0.2,,,
DBEF,59.2,blended,Neutral,equity_intl,54.95,4.8,96.0,"3yr, 5yr, 10yr",2026-08-31,50,-0.2,-0.6,50.0,0.85,0.8,-0.7,-1.5,13.4,-15.3,24905419.0,5080,0.4,,,,,"Downtrend, MACD+, BeatingAvgBench, BeatingAllBench",,,0.7,0.0,,,,
COWG,59.2,blended,Neutral,equity_us,40.47,5.0,100.0,3yr,2026-08-31,49,1.2,2.1,63.3,0.81,-0.1,2.7,2.5,19.7,-24.3,10308420.0,5000,2.6,2.5,3.7,2.5,1.5,"Uptrend, MACD+, BeatingAvgBench, BeatingAllBench",,,,,,,,
XAGG,59.2,blended,Neutral,bond,48.26,4.2,84.0,"3yr, 5yr, 10yr",2026-08-31,53,-0.4,-2.0,60.2,1.24,0.2,-0.7,-2.7,4.2,-6.4,25637235.0,1562,-0.2,,,,,"Downtrend, MACD+, ShortHistory",-0.2,-0.2,,,,,,
BBLU,59.2,blended,Neutral,equity_us,17.17,5.0,100.0,"3yr, 5yr, 10yr",2026-08-31,49,-0.4,-0.9,49.5,0.94,0.5,-0.8,-2.2,13.3,-17.8,1510469.0,5078,-1.0,-1.1,0.1,-1.0,-2.0,"Downtrend, MACD+",,,,,,,,
IBD,59.2,blended,Neutral,bond,22.97,4.2,84.0,"3yr, 5yr",2026-08-31,53,-0.3,-1.6,50.4,1.31,-0.3,-0.1,-2.3,8.2,-5.9,1638815.0,5012,0.4,,,,,"Downtrend, MACD+, BeatingAvgBench, BeatingAllBench",0.4,0.5,,,,,,
UTES,59.2,blended,Neutral,equity_us,70.82,5.0,100.0,"3yr, 5yr, 10yr",2026-08-31,49,0.7,-3.0,59.6,1.26,0.1,1.2,-5.9,22.1,-21.2,12985121.0,4786,1.0,1.0,2.1,1.0,0.0,"MACD+, BeatingAvgBench, BeatingAllBench",,,,,,,,
SPTI,59.2,blended,Neutral,equity_us,27.22,4.4,88.0,"3yr, 5yr, 10yr",2026-08-31,52,-0.3,-1.7,45.0,1.37,-0.2,-0.3,-2.5,4.3,-7.1,78958688.0,5080,-0.5,-0.5,0.6,-0.5,-1.5,Downtrend,,,,,,,,
AOM,59.2,blended,Neutral,equity_intl,48.58,4.0,80.0,"3yr, 5yr, 10yr",2026-08-31,54,-0.6,-1.6,37.5,1.65,-0.5,-0.8,-2.5,7.0,-8.5,18104976.0,5080,0.3,,,,,"Downtrend, VolumeSurge, BeatingAvgBench",,,0.6,-0.0,,,,
CGCP,59.2,blended,Neutral,bond,21.17,4.0,80.0,3yr,2026-08-31,54,-0.5,-2.4,52.8,1.46,-0.1,-0.7,-3.3,4.7,-9.5,45115035.0,5080,-0.2,,,,,"Downtrend, MACD+",-0.2,-0.2,,,,,,
PRF,59.2,blended,Neutral,equity_us,54.83,4.4,88.0,"3yr, 5yr, 10yr",2026-08-31,52,-0.1,-1.5,54.6,1.15,0.4,-0.4,-2.9,12.9,-17.3,16704018.0,5080,-0.6,-0.6,0.5,-0.6,-1.6,"Downtrend, MACD+",,,,,,,,
XNTK,59.2,blended,Neutral,equity_us,388.95,4.0,80.0,"3yr, 5yr, 10yr",2026-08-31,54,1.8,6.2,64.9,1.35,0.9,3.4,9.3,26.7,-28.1,18851125.0,4844,3.3,3.2,4.4,3.2,2.2,"Uptrend, MACD+, BeatingAvgBench, BeatingAllBench",,,,,,,,
GDMA,59.2,blended,Neutral,equity_intl,40.92,5.0,100.0,"3yr, 5yr",2026-08-31,49,-0.6,-3.0,56.3,1.04,0.7,-1.7,-4.3,18.2,-13.6,655160.0,2762,-0.7,,,,,"Downtrend, MACD+, LowLiquidity",,,-0.3,-1.0,,,,
NANC,59.2,blended,Neutral,equity_us,52.81,4.0,80.0,3yr,2026-08-31,54,0.6,1.9,54.2,1.24,0.4,0.8,3.0,17.1,-21.4,745500.0,4951,0.7,0.6,1.8,0.6,-0.3,"Uptrend, MACD+, BeatingAvgBench, LowLiquidity",,,,,,,,
IROC,59.2,blended,Neutral,equity_us,47.83,4.0,80.0,3yr,2026-08-31,54,-0.4,-2.9,40.6,1.22,-0.6,0.0,-4.0,7.6,-7.7,1360071.0,1215,-0.1,-0.2,1.0,-0.2,-1.1,"Downtrend, MACD+, ShortHistory",,,,,,,,
DYNF,59.2,blended,Neutral,equity_us,69.92,5.0,100.0,"3yr, 5yr",2026-08-31,49,0.4,0.6,56.7,0.81,0.6,0.4,-0.6,15.5,-19.7,147218050.0,4941,0.2,0.1,1.3,0.2,-0.8,"Uptrend, MACD+, BeatingAvgBench",,,,,,,,
VFMF,59.2,blended,Neutral,equity_us,180.95,5.0,100.0,"3yr, 5yr",2026-08-31,49,0.5,-1.6,65.9,1.19,0.3,0.3,-3.6,17.4,-22.0,9489902.0,4491,0.2,0.1,1.3,0.1,-0.9,"MACD+, BeatingAvgBench",,,,,,,,
BMOP,58.8,blended,Neutral,equity_us,23.6,4.1,82.0,"3yr, 5yr, 10yr",2026-08-31,53,0.2,-2.1,54.9,0.79,0.1,0.4,-3.4,5.4,-7.6,5991816.0,1086,0.3,0.2,1.4,0.2,-0.7,"MACD+, BeatingAvgBench, ShortHistory",,,,,,,,
DEM,58.8,blended,Neutral,equity_em,55.21,4.1,82.0,"3yr, 5yr, 10yr",2026-08-31,53,-0.8,-1.5,46.3,1.27,0.6,-1.1,-2.4,14.2,-17.5,10490979.0,5080,-1.7,,,,,"Downtrend, MACD+",,,,,-1.7,,,
IVLU,58.8,blended,Neutral,equity_intl,42.51,4.3,86.0,"3yr, 5yr, 10yr",2026-08-31,52,-1.4,-3.4,37.1,1.6,0.7,-2.5,-5.5,15.8,-15.6,42803509.0,5080,-1.5,,,,,"Downtrend, VolumeSurge, MACD+",,,-1.1,-1.8,,,,
QYLD,58.8,blended,Neutral,equity_intl,18.63,4.1,82.0,"3yr, 5yr, 10yr",2026-08-31,53,0.4,1.4,63.2,1.12,0.3,0.5,1.7,12.8,-20.9,75051965.0,5080,1.6,,,,,"Uptrend, MACD+, BeatingAvgBench, BeatingAllBench",,,1.9,1.2,,,,
FPX,58.4,blended,Neutral,equity_us,180.57,4.2,84.0,"3yr, 5yr, 10yr",2026-08-31,52,0.7,0.2,66.5,1.68,0.2,1.6,-0.2,26.5,-31.8,3982209.0,4983,1.4,1.4,2.5,1.4,0.4,"VolumeSurge, MACD+, BeatingAvgBench, BeatingAllBench",,,,,,,,
AVGV,58.4,blended,Neutral,equity_intl,85.05,5.0,100.0,3yr,2026-08-31,48,0.0,-2.1,59.9,0.9,0.8,-0.5,-4.3,15.9,-18.8,4233626.0,4249,0.6,,,,,"MACD+, BeatingAvgBench, BeatingAllBench",,,0.9,0.2,,,,
JPRF,58.4,blended,Neutral,equity_us,48.01,4.0,80.0,3yr,2026-08-31,53,-0.9,-2.3,32.6,1.17,0.1,-1.2,-2.8,3.6,-4.6,8600244.0,408,-1.4,-1.4,-0.3,-1.4,-2.4,"Downtrend, MACD+, ShortHistory",,,,,,,,
HEGD,58.4,blended,Neutral,equity_intl,27.02,4.0,80.0,"3yr, 5yr",2026-08-31,53,0.3,0.3,55.4,0.68,0.5,-0.3,-0.5,8.4,-8.3,1843848.0,5027,0.7,,,,,"Uptrend, MACD+, BeatingAvgBench, BeatingAllBench",,,1.1,0.4,,,,
DIVB,58.4,blended,Neutral,equity_us,64.99,5.0,100.0,"3yr, 5yr",2026-08-31,48,-0.4,-3.8,56.0,0.94,-0.8,-0.3,-6.7,13.6,-17.8,22990812.0,5079,-0.5,-0.5,0.6,-0.5,-1.5,"Downtrend, MACD+",,,,,,,,
SPIB,58.4,blended,Neutral,bond,32.18,5.0,100.0,"3yr, 5yr, 10yr",2026-08-31,48,-0.4,-1.6,40.8,0.72,-0.1,-0.4,-2.2,3.6,-5.9,187686349.0,5080,0.1,,,,,"Downtrend, MACD+, BeatingAvgBench, BeatingAllBench",0.1,0.1,,,,,,
TSEC,58.4,blended,Neutral,bond,25.11,4.0,80.0,3yr,2026-08-31,53,-0.2,-1.2,53.8,1.2,0.1,-0.4,-1.4,6.1,-5.8,969800.0,1884,0.1,,,,,"Downtrend, MACD+, BeatingAvgBench, BeatingAllBench, LowLiquidity",0.1,0.1,,,,,,
IDMO,58.4,blended,Neutral,equity_intl,61.3,5.0,100.0,"3yr, 5yr, 10yr",2026-08-31,48,0.2,-1.4,52.8,0.78,1.4,-0.5,-3.3,17.8,-14.0,21169044.0,5017,0.6,,,,,"MACD+, BeatingAvgBench, BeatingAllBench",,,0.9,0.2,,,,
FTMS,58.4,blended,Neutral,equity_us,9.73,4.4,88.0,"3yr, 5yr",2026-08-31,51,0.1,-0.9,54.9,0.5,-0.1,0.1,-1.5,3.9,-3.7,2752082.0,1541,-0.1,-0.2,1.0,-0.2,-1.1,"MACD+, ShortHistory",,,,,,,,
MSTQ,58.4,blended,Neutral,equity_intl,40.74,5.0,100.0,3yr,2026-08-31,48,4.7,5.8,71.8,0.64,2.9,5.9,0.5,39.3,-23.2,200593.0,1113,7.0,,,,,"Uptrend, Overbought(RSI), MACD+, BeatingAvgBench, BeatingAllBench, LowLiquidity, ShortHistory",,,7.3,6.6,,,,
MMCA,58.4,blended,Neutral,equity_us,20.67,5.0,100.0,3yr,2026-08-31,48,0.3,-2.0,69.4,0.58,0.4,0.1,-3.5,5.4,-8.6,965406.0,2428,-0.0,-0.1,1.1,-0.1,-1.0,"MACD+, LowLiquidity",,,,,,,,
SOXX,58.4,blended,Neutral,equity_us,588.86,4.4,88.0,"3yr, 5yr, 10yr",2026-08-31,51,3.4,10.7,73.6,1.0,2.2,5.3,17.3,36.9,-41.8,3412131157.0,5080,5.2,5.1,6.3,5.1,4.1,"Uptrend, Overbought(RSI), MACD+, BeatingAvgBench, BeatingAllBench",,,,,,,,
URTH,58.4,blended,Neutral,equity_intl,207.45,4.4,88.0,"3yr, 5yr, 10yr",2026-08-31,51,0.1,-0.2,54.4,0.91,0.7,-0.2,-1.4,13.9,-17.4,73250029.0,5080,0.9,,,,,"MACD+, BeatingAvgBench, BeatingAllBench",,,1.2,0.6,,,,
FSTA,58.4,blended,Neutral,equity_us,50.83,4.4,88.0,"3yr, 5yr, 10yr",2026-08-31,51,-1.2,-3.5,39.5,1.33,0.2,-2.2,-5.4,12.4,-11.0,10215614.0,5082,-2.4,-2.5,-1.3,-2.5,-3.4,"Downtrend, MACD+",,,,,,,,
CARY,58.4,blended,Neutral,bond,20.08,4.0,80.0,3yr,2026-08-31,53,-0.7,-1.9,44.0,1.29,-0.2,-0.8,-2.5,4.1,-5.7,9468720.0,4966,-0.3,,,,,"Downtrend, MACD+",-0.3,-0.3,,,,,,
VV,58.4,blended,Neutral,equity_us,354.85,4.0,80.0,"3yr, 5yr, 10yr",2026-08-31,53,0.2,0.5,54.6,1.18,0.6,0.3,-0.4,14.5,-19.8,72822469.0,5080,0.1,0.0,1.2,0.0,-0.9,"Uptrend, MACD+, BeatingAvgBench",,,,,,,,
SYSB,58.4,blended,Neutral,bond,83.94,4.6,92.0,"3yr, 5yr, 10yr",2026-08-31,50,-0.6,-2.4,44.6,1.08,-0.2,-0.7,-3.3,4.6,-8.3,5933198.0,1743,-0.2,,,,,"Downtrend, MACD+, ShortHistory",-0.2,-0.1,,,,,,
SCHR,58.4,blended,Neutral,equity_us,23.65,4.0,80.0,"3yr, 5yr, 10yr",2026-08-31,53,-0.3,-1.7,44.8,1.5,-0.2,-0.4,-2.5,4.3,-7.3,85435004.0,5080,-0.5,-0.6,0.6,-0.6,-1.5,"Downtrend, VolumeSurge",,,,,,,,
FLQL,58.4,blended,Neutral,equity_us,79.38,4.6,92.0,"3yr, 5yr",2026-08-31,50,0.8,1.1,59.7,0.84,1.0,0.8,0.4,15.0,-19.6,7699829.0,5068,0.6,0.6,1.8,0.6,-0.4,"Uptrend, MACD+, BeatingAvgBench",,,,,,,,
DBMF,58.4,blended,Neutral,equity_us,32.91,4.0,80.0,"3yr, 5yr",2026-08-31,53,0.8,3.2,60.3,0.96,0.2,0.8,4.9,11.2,-19.8,80391916.0,5080,0.6,0.5,1.7,0.5,-0.4,"Uptrend, MACD+, BeatingAvgBench",,,,,,,,
DFMC,58.4,blended,Neutral,equity_us,58.19,4.0,80.0,"3yr, 5yr, 10yr",2026-08-31,53,0.8,-1.5,75.0,1.28,1.1,0.0,-2.9,15.7,-8.7,1273015.0,883,-0.1,-0.2,1.0,-0.2,-1.1,"Overbought(RSI), MACD+, ShortHistory",,,,,,,,
FTGC,58.4,blended,Neutral,commodity,30.57,4.0,80.0,"3yr, 5yr, 10yr",2026-08-31,53,-0.8,-1.4,47.3,1.21,-0.6,-0.5,-1.5,16.1,-17.6,16345264.0,5081,-0.2,,,,,"Downtrend, MACD+",,,,,,,0.0,-0.4
WLTG,58.4,blended,Neutral,equity_us,38.21,5.0,100.0,3yr,2026-08-31,48,0.0,-0.6,57.8,0.93,1.0,-0.2,-3.1,21.3,-17.1,589212.0,2374,-0.3,-0.4,0.8,-0.4,-1.3,"MACD+, LowLiquidity",,,,,,,,
SEIM,58.4,blended,Neutral,equity_us,54.91,5.0,100.0,3yr,2026-08-31,48,1.7,2.2,72.7,0.82,1.3,1.4,1.9,19.6,-23.1,4355000.0,4626,1.2,1.2,2.4,1.2,0.2,"Uptrend, Overbought(RSI), MACD+, BeatingAvgBench, BeatingAllBench",,,,,,,,
IEI,58.4,blended,Neutral,bond,113.17,4.0,80.0,"3yr, 5yr, 10yr",2026-08-31,53,-0.3,-1.5,43.5,1.74,-0.2,-0.3,-2.2,3.8,-6.4,274722082.0,5080,0.2,,,,,"Downtrend, VolumeSurge, BeatingAvgBench, BeatingAllBench",0.2,0.3,,,,,,
TRFK,58.4,blended,Neutral,equity_us,103.21,5.0,100.0,3yr,2026-08-31,48,1.7,6.6,62.9,0.87,1.0,3.4,10.9,32.2,-29.2,12640855.0,4600,3.3,3.2,4.4,3.2,2.2,"Uptrend, MACD+, BeatingAvgBench, BeatingAllBench",,,,,,,,
CRUX,58.4,blended,Neutral,bond,28.5,4.2,84.0,"3yr, 5yr, 10yr",2026-08-31,52,-0.4,-2.0,48.5,1.07,0.1,-0.5,-2.9,4.2,-6.4,9097372.0,973,-0.0,,,,,"Downtrend, MACD+, ShortHistory",-0.0,-0.0,,,,,,
RDIV,58.0,blended,Neutral,equity_us,57.04,4.1,82.0,"3yr, 5yr, 10yr",2026-08-31,52,-1.2,-6.2,43.3,1.37,-0.1,-2.0,-9.9,16.2,-21.1,6856090.0,5068,-2.2,-2.2,-1.0,-2.2,-3.2,"Downtrend, MACD+, Leveraged",,,,,,,,
RJCA,58.0,blended,Neutral,equity_us,75.41,4.3,86.0,"3yr, 5yr, 10yr",2026-08-31,51,1.1,3.5,68.4,0.4,1.6,1.4,4.4,16.6,-4.4,733533.0,270,1.2,1.2,2.3,1.2,0.2,"Uptrend, MACD+, BeatingAvgBench, BeatingAllBench, LowLiquidity, ShortHistory",,,,,,,,
VGT,58.0,blended,Neutral,equity_us,128.34,4.3,86.0,"3yr, 5yr, 10yr",2026-08-31,51,1.9,5.3,66.1,1.02,0.9,2.6,6.2,23.5,-27.9,470434332.0,5080,2.5,2.4,3.6,2.4,1.4,"Uptrend, MACD+, BeatingAvgBench, BeatingAllBench",,,,,,,,
VRP,58.0,blended,Neutral,equity_us,23.68,4.1,82.0,"3yr, 5yr, 10yr",2026-08-31,52,-0.2,-1.3,43.7,0.82,0.2,-0.2,-1.9,4.4,-6.5,13561899.0,5080,-0.3,-0.4,0.8,-0.4,-1.4,"Downtrend, MACD+",,,,,,,,
XLK,58.0,blended,Neutral,equity_us,199.69,4.1,82.0,"3yr, 5yr, 10yr",2026-08-31,52,1.9,5.7,66.5,1.13,0.8,2.8,7.4,23.7,-26.3,1217919071.0,5080,2.6,2.6,3.7,2.6,1.6,"Uptrend, MACD+, BeatingAvgBench, BeatingAllBench",,,,,,,,
HAWX,57.6,blended,Neutral,equity_intl,45.68,5.0,100.0,"3yr, 5yr, 10yr",2026-08-31,47,-0.1,-0.2,52.9,0.54,0.9,-0.8,-0.5,14.3,-13.9,617019.0,4721,0.2,,,,,"Downtrend, MACD+, BeatingAvgBench, LowLiquidity",,,0.6,-0.1,,,,
OALC,57.6,blended,Neutral,equity_us,41.54,4.0,80.0,3yr,2026-08-31,52,0.7,0.2,61.2,1.11,0.6,0.3,0.4,16.8,-17.8,905507.0,4162,0.1,0.1,1.3,0.1,-0.9,"MACD+, BeatingAvgBench, LowLiquidity",,,,,,,,
IGEB,57.6,blended,Neutral,bond,42.61,4.0,80.0,"3yr, 5yr",2026-08-31,52,-0.6,-2.3,41.9,1.41,-0.2,-0.6,-3.1,5.3,-9.0,6683299.0,5081,-0.1,,,,,"Downtrend, MACD+",-0.2,-0.1,,,,,,
TMSL,57.6,blended,Neutral,equity_us,41.42,4.0,80.0,3yr,2026-08-31,52,1.0,-1.2,71.1,1.54,1.1,0.9,-2.7,19.2,-25.7,19168536.0,4817,0.7,0.6,1.8,0.6,-0.3,"Overbought(RSI), VolumeSurge, MACD+, BeatingAvgBench",,,,,,,,
FLTW,57.6,blended,Neutral,equity_intl,111.96,5.0,100.0,"3yr, 5yr",2026-08-31,47,1.7,5.1,73.3,0.83,2.6,1.8,5.8,27.0,-29.7,31858586.0,4695,2.8,,,,,"Uptrend, Overbought(RSI), MACD+, BeatingAvgBench, BeatingAllBench",,,3.2,2.5,,,,
FRDM,57.6,blended,Neutral,equity_em,70.63,5.0,100.0,"3yr, 5yr",2026-08-31,47,-0.2,0.7,59.8,0.68,1.1,0.2,1.6,23.5,-20.0,19320442.0,5079,-0.3,,,,,MACD+,,,,,-0.3,,,
ESGG,57.6,blended,Neutral,equity_intl,238.53,4.8,96.0,"3yr, 5yr, 10yr",2026-08-31,48,,,44.5,2.86,1.6,-0.8,15.5,27.9,-16.9,892986.0,1235,0.2,,,,,"VolumeSurge, BeatingAvgBench, LowLiquidity, ShortHistory",,,0.6,-0.1,,,,
IVV,57.6,blended,Neutral,equity_us,772.52,4.0,80.0,"3yr, 5yr, 10yr",2026-08-31,52,0.3,0.5,55.2,1.1,0.6,0.2,-0.6,14.4,-19.5,2301805466.0,5080,0.1,-0.0,1.2,0.0,-1.0,"Uptrend, MACD+, BeatingAvgBench",,,,,,,,
DFAI,57.6,blended,Neutral,equity_intl,41.4,4.0,80.0,"3yr, 5yr",2026-08-31,52,-0.5,-2.7,46.1,1.24,0.9,-1.3,-4.6,14.3,-14.1,79425308.0,5080,-0.2,,,,,"Downtrend, MACD+",,,0.1,-0.5,,,,
DIVO,57.6,blended,Neutral,equity_us,46.72,4.6,92.0,"3yr, 5yr",2026-08-31,49,-0.3,-2.0,49.8,0.89,0.5,-1.0,-4.0,10.7,-14.1,38539496.0,5080,-1.2,-1.2,-0.0,-1.2,-2.2,"Downtrend, MACD+",,,,,,,,
SPUS,57.6,blended,Neutral,equity_us,60.29,4.6,92.0,"3yr, 5yr",2026-08-31,49,0.8,2.3,58.1,0.76,0.8,0.8,1.8,17.1,-23.2,23271370.0,5080,0.7,0.6,1.8,0.6,-0.3,"Uptrend, MACD+, BeatingAvgBench",,,,,,,,
FDVV,57.6,blended,Neutral,equity_us,60.94,4.6,92.0,"3yr, 5yr",2026-08-31,49,-0.4,-2.4,48.2,1.04,0.6,-1.0,-4.5,12.4,-17.4,42682134.0,5080,-1.1,-1.2,-0.0,-1.2,-2.2,"Downtrend, MACD+",,,,,,,,
STIP,57.6,blended,Neutral,bond,99.93,4.0,80.0,"3yr, 5yr, 10yr",2026-08-31,52,0.2,-0.4,65.3,0.81,-0.1,0.2,-0.9,2.3,-4.4,108556810.0,5080,0.7,,,,,"MACD+, BeatingAvgBench, BeatingAllBench",0.7,0.7,,,,,,
IMCB,57.6,blended,Neutral,equity_us,95.83,4.0,80.0,"3yr, 5yr, 10yr",2026-08-31,52,0.5,-1.5,69.0,1.39,0.6,0.3,-3.3,15.1,-21.3,3335820.0,5022,0.2,0.1,1.3,0.1,-0.9,"MACD+, BeatingAvgBench",,,,,,,,
FTWO,57.6,blended,Neutral,equity_us,44.47,5.0,100.0,3yr,2026-08-31,47,-1.7,-4.2,52.9,1.3,0.6,-3.3,-5.6,21.1,-19.1,431063.0,3900,-3.5,-3.5,-2.4,-3.5,-4.5,"Downtrend, MACD+, LowLiquidity",,,,,,,,
UMMA,57.6,blended,Neutral,equity_intl,37.59,4.0,80.0,3yr,2026-08-31,52,1.7,1.4,70.4,1.09,1.4,2.5,1.0,21.9,-19.3,1572073.0,4689,3.6,,,,,"Overbought(RSI), MACD+, BeatingAvgBench, BeatingAllBench",,,3.9,3.2,,,,
GCSH,57.6,blended,Neutral,bond,49.94,5.0,100.0,"3yr, 5yr, 10yr",2026-08-31,47,0.0,-0.1,47.4,1.08,0.0,-0.1,-0.2,3.7,-1.6,4545496.0,309,0.4,,,,,"MACD+, BeatingAvgBench, BeatingAllBench, ShortHistory",0.4,0.4,,,,,,
DUBS,57.6,blended,Neutral,equity_us,43.2,4.0,80.0,3yr,2026-08-31,52,0.2,0.4,55.5,1.14,0.7,-0.6,0.9,15.5,-18.8,749722.0,4439,-0.8,-0.8,0.3,-0.8,-1.8,"Uptrend, MACD+, LowLiquidity",,,,,,,,
OPPJ,57.6,blended,Neutral,equity_intl,59.74,5.0,100.0,"3yr, 5yr, 10yr",2026-08-31,47,0.6,0.7,51.7,0.33,0.9,0.3,-1.0,23.4,-10.2,3278534.0,2073,1.4,,,,,"Uptrend, MACD+, BeatingAvgBench, BeatingAllBench",,,1.7,1.0,,,,
VLU,57.6,blended,Neutral,equity_us,240.88,4.4,88.0,"3yr, 5yr, 10yr",2026-08-31,50,-0.1,-2.1,51.7,1.13,0.6,-0.7,-3.3,14.4,-18.2,2289319.0,4257,-0.9,-0.9,0.2,-0.9,-1.9,"Downtrend, MACD+",,,,,,,,
SCHG,57.6,blended,Neutral,equity_us,36.33,4.4,88.0,"3yr, 5yr, 10yr",2026-08-31,50,0.7,2.0,55.8,0.97,0.8,0.9,1.3,18.6,-24.2,270250436.0,5080,0.7,0.6,1.8,0.7,-0.3,"Uptrend, MACD+, BeatingAvgBench",,,,,,,,
SURE,57.2,blended,Neutral,equity_us,145.63,4.3,86.0,"3yr, 5yr, 10yr",2026-08-31,50,-2.2,,38.2,4.41,-0.4,-3.8,12.6,42.7,-22.4,247029.0,652,-3.9,-4.0,-2.8,-4.0,-5.0,"VolumeSurge, MACD+, LowLiquidity, ShortHistory",,,,,,,,
IPAC,57.2,blended,Neutral,equity_us,85.57,4.3,86.0,"3yr, 5yr, 10yr",2025-09-30,50,0.7,-0.0,53.6,0.97,1.0,0.5,-1.7,16.9,-18.2,7675477.0,5081,0.3,0.3,1.4,0.3,-0.7,"MACD+, BeatingAvgBench",,,,,,,,
GVIP,56.8,blended,Neutral,commodity,171.16,4.0,80.0,"3yr, 5yr",2026-08-31,51,0.1,-0.4,52.4,1.16,0.6,-0.5,-0.4,23.5,-23.8,1813636.0,3872,-0.2,,,,,MACD+,,,,,,,0.0,-0.4
FLHY,56.8,blended,Neutral,bond,23.28,4.0,80.0,"3yr, 5yr",2026-08-31,51,-0.7,-2.4,40.8,1.27,0.0,-0.9,-3.3,5.2,-7.5,6163253.0,5059,-0.4,,,,,"Downtrend, MACD+",-0.4,-0.4,,,,,,
GSUS,56.8,blended,Neutral,commodity,106.38,4.0,80.0,"3yr, 5yr",2026-08-31,51,0.3,0.4,53.7,0.76,0.6,0.2,-0.5,14.4,-19.8,11542749.0,5049,0.5,,,,,"Uptrend, MACD+, BeatingAvgBench, BeatingAllBench",,,,,,,0.7,0.3
RDVI,56.8,blended,Neutral,equity_us,28.17,4.0,80.0,3yr,2026-08-31,51,0.5,-1.6,69.3,1.32,0.1,0.6,-3.7,15.8,-21.3,40364527.0,5080,0.4,0.3,1.5,0.3,-0.6,"MACD+, BeatingAvgBench",,,,,,,,
QGRW,56.8,blended,Neutral,equity_us,69.49,4.0,80.0,3yr,2026-08-31,51,0.9,2.8,57.6,1.08,0.7,1.3,2.7,20.4,-24.7,14969548.0,5069,1.1,1.1,2.2,1.1,0.1,"Uptrend, MACD+, BeatingAvgBench, BeatingAllBench",,,,,,,,
SFLR,56.8,blended,Neutral,equity_intl,39.33,4.0,80.0,3yr,2026-08-31,51,0.3,0.9,56.5,0.61,0.6,0.2,0.4,10.4,-13.0,8587417.0,5053,1.3,,,,,"Uptrend, MACD+, BeatingAvgBench, BeatingAllBench",,,1.6,0.9,,,,
THRO,56.8,blended,Neutral,equity_us,44.42,4.0,80.0,3yr,2026-08-31,51,0.4,1.1,56.5,1.07,0.7,0.3,0.4,17.3,-19.5,27775687.0,3078,0.2,0.1,1.3,0.1,-0.9,"Uptrend, MACD+, BeatingAvgBench",,,,,,,,
AVNM,56.8,blended,Neutral,equity_intl,83.11,5.0,100.0,3yr,2026-08-31,46,-0.4,-2.0,50.3,0.71,1.0,-1.1,-3.8,17.4,-14.5,5767486.0,3659,0.0,,,,,"Downtrend, MACD+, BeatingAvgBench",,,0.3,-0.3,,,,
JEPQ,56.8,blended,Neutral,equity_us,60.99,4.0,80.0,3yr,2026-08-31,51,-0.2,1.4,37.8,1.25,0.3,-0.1,2.2,15.1,-21.8,332667579.0,5080,-0.3,-0.3,0.8,-0.3,-1.3,MACD+,,,,,,,,
PFFA,56.8,blended,Neutral,equity_us,19.78,5.0,100.0,"3yr, 5yr",2026-08-31,46,-0.4,-3.7,52.7,0.58,0.2,-0.3,-5.5,9.2,-17.0,18301667.0,5080,-0.4,-0.5,0.7,-0.5,-1.4,"Downtrend, MACD+",,,,,,,,
DRSK,56.8,blended,Neutral,bond,27.19,5.0,100.0,"3yr, 5yr",2026-08-31,46,-0.6,-2.6,53.7,0.93,-0.1,-1.1,-4.0,8.3,-9.4,5186936.0,5064,-0.6,,,,,"Downtrend, MACD+",-0.6,-0.6,,,,,,
FCPI,56.8,blended,Neutral,equity_us,56.57,4.6,92.0,"3yr, 5yr",2026-08-31,48,0.6,-0.1,59.1,0.71,0.5,0.3,0.4,15.0,-17.8,1164838.0,4790,0.1,0.1,1.2,0.1,-0.9,"MACD+, BeatingAvgBench",,,,,,,,
AUSF,56.8,blended,Neutral,equity_intl,48.85,4.6,92.0,"3yr, 5yr",2026-08-31,48,-0.8,-4.0,47.3,0.97,0.1,-1.5,-6.4,14.0,-14.0,2686132.0,4889,-0.4,,,,,"Downtrend, MACD+",,,-0.1,-0.7,,,,
PWB,56.8,blended,Neutral,equity_us,165.79,4.6,92.0,"3yr, 5yr, 10yr",2026-08-31,48,1.8,5.2,69.5,0.65,1.2,2.5,7.8,20.5,-23.4,17150262.0,5031,2.3,2.3,3.5,2.3,1.3,"Uptrend, MACD+, BeatingAvgBench, BeatingAllBench",,,,,,,,
AFSM,56.8,blended,Neutral,equity_us,40.0,4.0,80.0,"3yr, 5yr",2026-08-31,51,,,59.5,9.42,1.2,1.5,-2.0,25.4,-26.0,763593.0,3289,1.3,1.3,2.4,1.3,0.3,"VolumeSurge, MACD+, BeatingAvgBench, BeatingAllBench, LowLiquidity",,,,,,,,
FLRT,56.8,blended,Neutral,equity_us,46.5,4.0,80.0,"3yr, 5yr, 10yr",2026-08-31,51,-0.1,-0.5,53.7,0.45,0.0,-0.1,-0.4,2.9,-4.6,13868142.0,5079,-0.2,-0.3,0.9,-0.3,-1.3,"Downtrend, MACD+",,,,,,,,
TDVI,56.8,blended,Neutral,equity_us,31.35,5.0,100.0,3yr,2026-08-31,46,1.6,0.4,69.8,0.68,1.2,2.7,-0.4,20.7,-23.4,4879307.0,4310,2.6,2.5,3.7,2.5,1.6,"MACD+, BeatingAvgBench, BeatingAllBench",,,,,,,,
SHOC,56.8,blended,Neutral,equity_us,115.91,5.0,100.0,3yr,2026-08-31,46,3.9,9.1,81.4,0.73,2.6,3.9,10.3,37.0,-38.5,855759.0,4673,3.8,3.7,4.9,3.7,2.8,"Uptrend, Overbought(RSI), MACD+, BeatingAvgBench, BeatingAllBench, LowLiquidity",,,,,,,,
IUSG,56.8,blended,Neutral,equity_us,196.03,4.0,80.0,"3yr, 5yr, 10yr",2026-08-31,51,0.9,2.4,56.5,1.02,0.8,1.0,1.9,18.7,-23.2,80983522.0,5081,0.8,0.8,2.0,0.8,-0.2,"Uptrend, MACD+, BeatingAvgBench",,,,,,,,
ARP,56.8,blended,Neutral,equity_us,34.09,4.0,80.0,3yr,2026-08-31,51,-0.6,0.5,56.5,0.99,0.4,-1.1,-0.1,18.9,-10.3,463389.0,1889,-1.3,-1.3,-0.1,-1.3,-2.3,"MACD+, LowLiquidity",,,,,,,,
TSPA,56.8,blended,Neutral,equity_us,48.71,4.0,80.0,"3yr, 5yr",2026-08-31,51,0.4,0.8,54.4,1.02,0.7,0.2,-0.1,14.9,-19.7,17080618.0,4978,0.1,0.0,1.2,0.0,-1.0,"Uptrend, MACD+, BeatingAvgBench",,,,,,,,
AVGE,56.8,blended,Neutral,equity_intl,99.18,4.0,80.0,3yr,2026-08-31,51,0.2,-1.1,57.8,1.06,0.7,-0.1,-2.8,14.3,-18.4,7840680.0,5024,0.9,,,,,"MACD+, BeatingAvgBench, BeatingAllBench",,,1.3,0.6,,,,
LVHI,56.8,blended,Neutral,equity_intl,41.55,4.8,96.0,"3yr, 5yr, 10yr",2026-08-31,47,-0.9,-2.1,38.9,0.72,0.4,-1.7,-3.0,11.2,-12.9,43639344.0,5081,-0.7,,,,,"Downtrend, MACD+",,,-0.4,-1.0,,,,
SNPE,56.8,blended,Neutral,equity_us,70.56,4.6,92.0,"3yr, 5yr",2026-08-31,48,0.5,0.3,54.3,0.65,0.5,0.4,-1.1,14.4,-20.1,17918511.0,5080,0.3,0.2,1.4,0.2,-0.8,"MACD+, BeatingAvgBench",,,,,,,,
AIRR,56.8,blended,Neutral,equity_us,106.65,4.4,88.0,"3yr, 5yr, 10yr",2026-08-31,49,2.2,-0.3,73.3,1.38,2.6,1.8,-1.0,26.2,-29.8,80351869.0,5081,1.6,1.5,2.7,1.5,0.6,"Overbought(RSI), MACD+, BeatingAvgBench, BeatingAllBench",,,,,,,,
VTV,56.8,blended,Neutral,equity_us,217.12,4.0,80.0,"3yr, 5yr, 10yr",2026-08-31,51,-0.5,-2.5,52.3,1.09,0.3,-0.8,-4.3,12.2,-16.1,510278484.0,5080,-1.0,-1.0,0.1,-1.0,-2.0,"Downtrend, MACD+",,,,,,,,
VOT,56.8,blended,Neutral,equity_us,297.5,4.0,80.0,"3yr, 5yr, 10yr",2026-08-31,51,0.8,0.1,75.2,1.26,0.9,1.3,-0.7,17.8,-22.0,54430134.0,5080,1.1,1.1,2.3,1.1,0.1,"Overbought(RSI), MACD+, BeatingAvgBench, BeatingAllBench",,,,,,,,
VOO,56.8,blended,Neutral,equity_us,706.98,4.0,80.0,"3yr, 5yr, 10yr",2026-08-31,51,0.2,0.4,55.0,0.94,0.6,0.2,-0.6,14.4,-19.5,3472294119.0,5080,0.1,0.0,1.2,0.0,-1.0,"Uptrend, MACD+, BeatingAvgBench",,,,,,,,
VEA,56.8,blended,Neutral,equity_intl,70.93,4.0,80.0,"3yr, 5yr, 10yr",2026-08-31,51,-0.1,-1.8,53.5,1.0,1.1,-0.7,-3.4,15.4,-14.9,618597915.0,5080,0.4,,,,,"Downtrend, MACD+, BeatingAvgBench, BeatingAllBench",,,0.7,0.1,,,,
SCHF,56.8,blended,Neutral,equity_intl,27.53,4.0,80.0,"3yr, 5yr, 10yr",2026-08-31,51,-0.2,-1.7,52.8,1.06,1.1,-0.7,-3.2,15.4,-15.0,222514927.0,5080,0.4,,,,,"Downtrend, MACD+, BeatingAvgBench, BeatingAllBench",,,0.7,0.0,,,,
SPY,56.8,blended,Neutral,equity_us,769.21,4.0,80.0,"3yr, 5yr, 10yr",2026-08-31,51,0.3,0.5,55.2,0.97,0.6,0.2,-0.5,14.4,-19.4,26828513943.0,5080,0.1,0.0,1.2,0.0,-1.0,"Uptrend, MACD+, BeatingAvgBench",,,,,,,,
IWL,56.8,blended,Neutral,equity_us,191.79,4.4,88.0,"3yr, 5yr, 10yr",2026-08-31,49,0.3,0.8,54.0,0.76,0.7,0.2,-0.1,14.8,-19.9,8055570.0,5075,0.1,0.0,1.2,0.0,-0.9,"Uptrend, MACD+, BeatingAvgBench",,,,,,,,
IMCG,56.8,blended,Neutral,equity_us,95.76,4.4,88.0,"3yr, 5yr, 10yr",2026-08-31,49,1.1,0.3,75.0,1.06,1.1,1.3,-0.7,17.4,-22.5,15393967.0,5081,1.2,1.1,2.3,1.1,0.2,"Overbought(RSI), MACD+, BeatingAvgBench, BeatingAllBench",,,,,,,,
FWD,56.8,blended,Neutral,equity_intl,134.41,5.0,100.0,3yr,2026-08-31,46,1.6,4.0,71.3,0.8,1.4,2.6,5.5,27.3,-29.6,18063133.0,4356,3.6,,,,,"Uptrend, Overbought(RSI), MACD+, BeatingAvgBench, BeatingAllBench",,,4.0,3.3,,,,
CGUS,56.8,blended,Neutral,equity_us,44.88,4.0,80.0,3yr,2026-08-31,51,0.4,0.2,54.5,0.97,0.6,0.4,-0.8,14.2,-19.4,53039678.0,5080,0.3,0.2,1.4,0.2,-0.8,"MACD+, BeatingAvgBench",,,,,,,,
DFIS,56.8,blended,Neutral,equity_intl,36.1,4.0,80.0,3yr,2026-08-31,51,-0.6,-2.5,42.3,1.22,0.8,-1.3,-4.0,15.2,-14.8,16583589.0,5080,-0.3,,,,,"Downtrend, MACD+",,,0.1,-0.6,,,,
KEMX,56.8,blended,Neutral,equity_em,51.97,5.0,100.0,"3yr, 5yr",2026-08-31,46,0.5,2.0,58.8,0.35,1.5,-0.2,3.8,23.2,-22.5,458239.0,4025,-0.7,,,,,"Uptrend, MACD+, LowLiquidity",,,,,-0.7,,,
DYTA,56.8,blended,Neutral,equity_us,31.87,4.0,80.0,3yr,2026-08-31,51,0.4,0.5,64.7,1.1,0.7,0.3,-1.0,16.2,-18.6,486923.0,3041,0.2,0.1,1.3,0.1,-0.9,"Uptrend, MACD+, BeatingAvgBench, LowLiquidity",,,,,,,,
FCUS,56.8,blended,Neutral,equity_us,43.81,4.0,80.0,3yr,2026-08-31,51,3.4,11.7,70.8,1.07,1.7,3.0,19.3,46.7,-43.0,758641.0,2831,2.8,2.8,3.9,2.8,1.8,"Uptrend, Overbought(RSI), MACD+, BeatingAvgBench, BeatingAllBench, LowLiquidity",,,,,,,,
TDTF,56.8,blended,Neutral,bond,22.72,4.4,88.0,"3yr, 5yr, 10yr",2026-08-31,49,0.0,-1.4,59.0,0.77,-0.2,0.1,-2.4,4.3,-7.5,4098677.0,5081,0.6,,,,,"MACD+, BeatingAvgBench, BeatingAllBench",0.6,0.6,,,,,,
XLG,56.8,blended,Neutral,equity_us,64.21,4.4,88.0,"3yr, 5yr, 10yr",2026-08-31,49,0.5,1.9,53.4,0.83,0.8,0.4,1.3,16.3,-21.5,63386184.0,5080,0.2,0.2,1.3,0.2,-0.8,"Uptrend, MACD+, BeatingAvgBench",,,,,,,,
SCHI,56.8,blended,Neutral,bond,21.34,4.4,88.0,"3yr, 5yr",2026-08-31,49,-0.6,-2.4,41.6,1.11,-0.2,-0.6,-3.3,5.3,-8.6,64369250.0,5080,-0.1,,,,,"Downtrend, MACD+",-0.1,-0.1,,,,,,
ACWI,56.8,blended,Neutral,equity_intl,159.83,4.0,80.0,"3yr, 5yr, 10yr",2026-08-31,51,0.1,-0.2,54.5,0.89,0.7,-0.2,-1.3,14.0,-16.9,272050620.0,5080,0.9,,,,,"MACD+, BeatingAvgBench, BeatingAllBench",,,1.2,0.6,,,,
FLTR,56.8,blended,Neutral,bond,25.51,5.0,100.0,"3yr, 5yr, 10yr",2026-08-31,46,-0.2,-0.2,20.5,0.91,0.0,-0.3,-0.0,2.2,-2.7,39447033.0,5080,0.2,,,,,"Oversold(RSI), BeatingAvgBench, BeatingAllBench",0.2,0.2,,,,,,
EMMF,56.8,blended,Neutral,equity_em,37.99,4.2,84.0,"3yr, 5yr",2026-08-31,50,-0.5,-0.6,47.2,1.01,1.0,-1.5,-0.7,18.1,-17.0,548984.0,3964,-2.0,,,,,"Downtrend, MACD+, LowLiquidity",,,,,-2.0,,,
SKOR,56.8,blended,Neutral,bond,46.62,5.0,100.0,"3yr, 5yr, 10yr",2026-08-31,46,-0.4,-1.6,40.8,0.23,-0.2,-0.4,-2.2,3.6,-6.0,12510933.0,5019,0.1,,,,,"Downtrend, MACD+, BeatingAvgBench, BeatingAllBench",0.1,0.1,,,,,,
DXJ,56.8,blended,Neutral,equity_intl,181.33,5.0,100.0,"3yr, 5yr, 10yr",2026-08-31,46,0.9,1.4,56.8,0.66,0.9,0.9,0.8,21.0,-24.8,40632352.0,5080,2.0,,,,,"Uptrend, MACD+, BeatingAvgBench, BeatingAllBench",,,2.3,1.6,,,,
ARKQ,56.4,blended,Neutral,equity_us,124.57,4.3,86.0,"3yr, 5yr, 10yr",2026-08-31,49,1.3,1.8,65.7,1.39,2.3,1.3,1.2,30.7,-32.2,10726109.0,5080,1.1,1.1,2.3,1.1,0.1,"Uptrend, MACD+, BeatingAvgBench, BeatingAllBench",,,,,,,,
RDVY,56.4,blended,Neutral,equity_us,79.26,4.1,82.0,"3yr, 5yr, 10yr",2026-08-31,50,0.5,-1.3,66.8,1.17,0.1,0.5,-3.5,16.4,-20.5,85762162.0,5080,0.3,0.2,1.4,0.3,-0.7,"MACD+, BeatingAvgBench",,,,,,,,
VFMO,56.0,blended,Neutral,equity_us,231.3,5.0,100.0,"3yr, 5yr",2026-08-31,45,1.5,1.4,72.4,0.71,0.9,2.0,1.8,22.4,-25.7,9492608.0,5014,1.9,1.8,3.0,1.8,0.9,"Overbought(RSI), MACD+, BeatingAvgBench, BeatingAllBench",,,,,,,,
DFIC,56.0,blended,Neutral,equity_intl,37.6,4.0,80.0,3yr,2026-08-31,50,-0.6,-2.8,46.0,1.11,0.9,-1.4,-4.8,14.2,-14.0,74967172.0,5082,-0.4,,,,,"Downtrend, MACD+",,,-0.0,-0.7,,,,
HEQT,56.0,blended,Neutral,equity_intl,34.45,4.0,80.0,3yr,2026-08-31,50,0.1,0.3,53.8,0.49,0.3,0.1,-0.3,8.5,-10.8,2449513.0,4997,1.2,,,,,"Uptrend, MACD+, BeatingAvgBench, BeatingAllBench",,,1.5,0.9,,,,
CGMS,56.0,blended,Neutral,bond,26.23,4.0,80.0,3yr,2026-08-31,50,-0.6,-2.2,49.2,0.95,0.0,-0.8,-2.9,4.4,-6.8,30978213.0,5081,-0.3,,,,,"Downtrend, MACD+",-0.3,-0.3,,,,,,
LGOV,56.0,blended,Neutral,equity_us,19.64,4.4,88.0,"3yr, 5yr",2026-08-31,48,-0.6,-3.9,55.4,0.81,-0.2,-0.9,-5.7,9.4,-14.4,4308804.0,5082,-1.0,-1.1,0.1,-1.1,-2.1,"Downtrend, MACD+",,,,,,,,
CGGR,56.0,blended,Neutral,equity_us,47.8,4.0,80.0,3yr,2026-08-31,50,0.1,1.4,54.2,1.1,0.6,0.3,1.0,19.0,-24.2,108398962.0,5080,0.2,0.1,1.3,0.1,-0.9,"Uptrend, MACD+, BeatingAvgBench",,,,,,,,
OVL,56.0,blended,Neutral,equity_us,56.86,4.4,88.0,"3yr, 5yr",2026-08-31,48,-0.1,-0.2,53.1,1.01,0.7,-0.8,-1.3,20.1,-22.5,11174008.0,4084,-0.9,-1.0,0.2,-1.0,-2.0,"Downtrend, MACD+",,,,,,,,
EYLD,56.0,blended,Neutral,equity_em,47.84,4.8,96.0,"3yr, 5yr, 10yr",2026-08-31,46,-0.2,-1.8,53.2,0.71,0.6,-1.1,-3.2,18.6,-23.8,3754132.0,5073,-1.6,,,,,"Downtrend, MACD+",,,,,-1.6,,,
FNDF,56.0,blended,Neutral,equity_intl,53.67,4.4,88.0,"3yr, 5yr, 10yr",2026-08-31,48,-0.8,-2.7,45.2,1.0,0.8,-1.7,-4.5,15.1,-14.8,111750932.0,5080,-0.6,,,,,"Downtrend, MACD+",,,-0.3,-1.0,,,,
JMBS,56.0,blended,Neutral,bond,42.31,4.0,80.0,"3yr, 5yr",2026-08-31,50,-0.6,-2.9,53.8,1.21,-0.1,-0.8,-4.2,5.9,-10.4,37507394.0,5080,-0.3,,,,,"Downtrend, MACD+",-0.3,-0.3,,,,,,
IXC,56.0,blended,Neutral,equity_intl,57.87,4.4,88.0,"3yr, 5yr, 10yr",2026-08-31,48,0.5,-0.8,60.3,1.02,0.5,-0.0,-2.0,20.2,-24.4,28273108.0,5080,1.0,,,,,"MACD+, BeatingAvgBench, BeatingAllBench",,,1.4,0.7,,,,
CLOZ,56.0,blended,Neutral,bond,26.19,5.0,100.0,3yr,2026-08-31,45,-0.4,-0.1,32.9,1.02,-0.4,-0.5,0.4,4.4,-7.0,11973357.0,5065,0.0,,,,,BeatingAvgBench,-0.0,0.0,,,,,,
HGER,56.0,blended,Neutral,commodity,35.15,5.0,100.0,3yr,2026-08-31,45,-0.7,-1.1,47.5,0.82,-0.8,-0.2,-1.1,15.6,-14.1,44404391.0,4979,0.1,,,,,"Downtrend, BeatingAvgBench",,,,,,,0.3,-0.1
IDVO,56.0,blended,Neutral,equity_intl,41.51,5.0,100.0,3yr,2026-08-31,45,-0.9,-2.6,45.5,0.69,1.2,-1.8,-3.6,15.9,-16.4,11522643.0,4994,-0.7,,,,,"Downtrend, MACD+",,,-0.4,-1.0,,,,
BNDI,56.0,blended,Neutral,bond,44.88,5.0,100.0,3yr,2026-08-31,45,-0.3,-1.9,51.9,0.65,-0.2,-0.7,-3.0,6.9,-9.2,1331825.0,3570,-0.2,,,,,"Downtrend, MACD+",-0.2,-0.2,,,,,,
APUE,56.0,blended,Neutral,equity_us,47.44,4.0,80.0,3yr,2026-08-31,50,0.4,0.5,55.1,0.82,0.6,0.3,-0.5,14.6,-19.1,5423724.0,4988,0.2,0.1,1.3,0.1,-0.9,"Uptrend, MACD+, BeatingAvgBench",,,,,,,,
SPYI,56.0,blended,Neutral,equity_us,53.56,4.0,80.0,3yr,2026-08-31,50,0.3,0.2,54.9,0.79,0.5,0.2,-0.8,12.3,-19.1,140993270.0,5080,0.0,-0.0,1.2,-0.0,-1.0,"MACD+, BeatingAvgBench",,,,,,,,
IOO,56.0,blended,Neutral,equity_intl,144.6,5.0,100.0,"3yr, 5yr, 10yr",2026-08-31,45,0.1,0.3,46.9,0.44,0.7,-0.5,-0.8,15.4,-19.4,23974915.0,5080,0.6,,,,,"Uptrend, MACD+, BeatingAvgBench, BeatingAllBench",,,0.9,0.3,,,,
ROE,56.0,blended,Neutral,equity_us,43.23,4.0,80.0,3yr,2026-08-31,50,0.8,0.1,69.1,1.08,0.9,0.2,0.3,17.9,-20.2,1097848.0,3872,0.1,0.0,1.2,0.0,-0.9,"MACD+, BeatingAvgBench",,,,,,,,
BOAT,56.0,blended,Neutral,equity_intl,52.4,5.0,100.0,"3yr, 5yr",2026-08-31,45,2.6,3.0,76.6,0.7,1.7,3.1,4.0,24.7,-42.0,3893106.0,4704,4.2,,,,,"Uptrend, Overbought(RSI), MACD+, BeatingAvgBench, BeatingAllBench",,,4.5,3.9,,,,
OBIL,56.0,blended,Neutral,equity_us,49.87,4.0,80.0,3yr,2026-08-31,50,0.0,-0.2,70.8,0.5,0.0,-0.2,-0.2,1.3,-1.2,2625008.0,4973,-0.3,-0.4,0.8,-0.4,-1.4,"Overbought(RSI), MACD+",,,,,,,,
FTA,56.0,blended,Neutral,equity_us,95.86,4.0,80.0,"3yr, 5yr, 10yr",2026-08-31,50,-0.4,-4.5,59.3,1.31,-0.1,-0.8,-7.5,14.2,-20.7,2666079.0,5059,-1.0,-1.0,0.2,-1.0,-2.0,"Downtrend, MACD+",,,,,,,,
LONZ,56.0,blended,Neutral,equity_us,48.91,4.0,80.0,3yr,2026-08-31,50,-0.4,-0.6,29.6,0.77,0.2,-0.5,-0.4,3.6,-6.8,3869122.0,4975,-0.7,-0.7,0.4,-0.7,-1.7,"Downtrend, Oversold(RSI), MACD+",,,,,,,,
ROUS,56.0,blended,Neutral,equity_us,67.22,4.0,80.0,"3yr, 5yr, 10yr",2026-08-31,50,0.5,-0.3,66.0,0.86,0.4,0.9,-0.9,13.2,-16.9,3299563.0,4918,0.7,0.6,1.8,0.7,-0.3,"MACD+, BeatingAvgBench",,,,,,,,
SPDW,56.0,blended,Neutral,equity_intl,50.4,4.0,80.0,"3yr, 5yr, 10yr",2026-08-31,50,-0.2,-1.7,53.2,0.88,1.1,-0.7,-3.2,15.3,-14.4,128173591.0,5080,0.4,,,,,"Downtrend, MACD+, BeatingAvgBench, BeatingAllBench",,,0.7,0.1,,,,
SPYG,56.0,blended,Neutral,equity_us,124.54,4.0,80.0,"3yr, 5yr, 10yr",2026-08-31,50,0.8,2.5,55.6,0.92,0.8,1.0,2.1,18.8,-23.2,219159245.0,5080,0.8,0.7,1.9,0.8,-0.2,"Uptrend, MACD+, BeatingAvgBench",,,,,,,,
NBCM,56.0,blended,Neutral,commodity,30.94,4.0,80.0,"3yr, 5yr, 10yr",2026-08-31,50,-0.5,-0.7,52.2,0.74,-0.4,-0.2,-0.6,17.2,-15.1,2410208.0,4317,0.1,,,,,"Downtrend, MACD+, BeatingAvgBench",,,,,,,0.3,-0.1
FTMU,56.0,blended,Neutral,equity_us,7.34,4.0,80.0,"3yr, 5yr, 10yr",2026-08-31,50,-0.2,-2.8,46.8,0.77,-0.1,0.5,-4.0,5.6,-9.2,2904206.0,1548,0.3,0.3,1.4,0.3,-0.7,"Downtrend, MACD+, BeatingAvgBench, ShortHistory",,,,,,,,
VUG,56.0,blended,Neutral,equity_us,91.14,4.0,80.0,"3yr, 5yr, 10yr",2026-08-31,50,0.8,2.6,55.6,0.86,0.8,1.0,2.4,18.9,-23.8,457082209.0,5080,0.8,0.8,2.0,0.8,-0.2,"Uptrend, MACD+, BeatingAvgBench",,,,,,,,
IUS,56.0,blended,Neutral,equity_us,68.29,4.6,92.0,"3yr, 5yr",2026-08-31,47,0.0,-1.4,56.9,0.59,0.4,-0.2,-3.3,12.6,-16.6,3239730.0,5064,-0.3,-0.4,0.8,-0.4,-1.3,MACD+,,,,,,,,
VFMV,56.0,blended,Neutral,equity_us,142.61,4.6,92.0,"3yr, 5yr",2026-08-31,47,0.4,-0.9,64.4,0.49,0.5,0.1,-2.3,11.6,-12.0,1764648.0,4221,-0.1,-0.2,1.0,-0.2,-1.1,MACD+,,,,,,,,
EFIV,56.0,blended,Neutral,equity_us,74.75,4.6,92.0,"3yr, 5yr",2026-08-31,47,0.6,0.3,54.9,0.55,0.6,0.2,-0.1,14.6,-20.1,2285467.0,4985,-0.0,-0.1,1.1,-0.0,-1.0,MACD+,,,,,,,,
HSCZ,56.0,blended,Neutral,equity_intl,43.29,4.8,96.0,"3yr, 5yr, 10yr",2026-08-31,46,-0.3,-0.8,39.6,0.61,0.4,-0.9,-1.3,13.5,-13.3,682681.0,4830,0.1,,,,,"Downtrend, MACD+, BeatingAvgBench, LowLiquidity",,,0.4,-0.2,,,,
BKLC,56.0,blended,Neutral,equity_us,49.19,4.0,80.0,"3yr, 5yr",2026-08-31,50,0.1,0.4,51.2,0.96,0.6,0.0,-0.5,14.5,-19.8,19735008.0,5071,-0.2,-0.2,1.0,-0.2,-1.2,"Uptrend, MACD+",,,,,,,,
PWV,56.0,blended,Neutral,equity_us,76.61,4.6,92.0,"3yr, 5yr, 10yr",2026-08-31,47,-0.7,-4.6,50.5,1.02,0.3,-1.5,-8.0,13.1,-16.8,15911929.0,5072,-1.7,-1.7,-0.6,-1.7,-2.7,"Downtrend, MACD+",,,,,,,,
CAM,56.0,blended,Neutral,equity_us,24.09,4.0,80.0,"3yr, 5yr, 10yr",2026-08-31,50,-0.1,-1.6,50.0,0.58,-0.1,0.4,-2.3,3.3,-6.1,6771065.0,1600,0.3,0.2,1.4,0.2,-0.8,"Downtrend, MACD+, BeatingAvgBench, ShortHistory",,,,,,,,
DFAX,56.0,blended,Neutral,equity_intl,37.28,4.0,80.0,"3yr, 5yr, 10yr",2026-08-31,50,0.1,-1.5,54.8,0.84,1.3,-0.4,-3.1,14.7,-14.4,22628879.0,5081,0.7,,,,,"MACD+, BeatingAvgBench, BeatingAllBench",,,1.0,0.3,,,,
KCE,56.0,blended,Neutral,equity_us,155.34,4.4,88.0,"3yr, 5yr, 10yr",2026-08-31,48,-0.2,-4.9,54.8,1.46,0.4,-0.5,-7.0,22.5,-28.4,3398426.0,4825,-0.6,-0.7,0.5,-0.7,-1.7,"Downtrend, MACD+",,,,,,,,
ROKT,56.0,blended,Neutral,equity_us,105.81,5.0,100.0,"3yr, 5yr",2026-08-31,45,-0.2,-2.3,59.2,1.38,0.6,-2.2,-2.4,34.9,-24.2,1449328.0,2670,-2.4,-2.4,-1.3,-2.4,-3.4,"Downtrend, MACD+",,,,,,,,
SBND,56.0,blended,Neutral,bond,18.26,4.0,80.0,3yr,2026-08-31,50,-0.3,-1.3,48.9,0.83,-0.0,-0.4,-2.0,4.9,-4.5,1260436.0,2899,0.1,,,,,"Downtrend, MACD+, BeatingAvgBench, BeatingAllBench",0.1,0.1,,,,,,
STXG,55.2,blended,Neutral,equity_us,57.07,4.0,80.0,3yr,2026-08-31,49,0.4,1.4,54.5,0.89,1.0,1.2,0.2,19.0,-22.2,406842.0,4088,1.0,0.9,2.1,0.9,-0.0,"Uptrend, MACD+, BeatingAvgBench, LowLiquidity",,,,,,,,
PYLD,55.2,blended,Neutral,bond,25.23,4.0,80.0,3yr,2026-08-31,49,-0.8,-2.3,37.8,0.98,-0.2,-0.9,-3.1,3.9,-6.9,132549931.0,5080,-0.4,,,,,"Downtrend, MACD+",-0.4,-0.3,,,,,,
PSDM,55.2,blended,Neutral,bond,50.04,4.0,80.0,3yr,2026-08-31,49,-0.2,-0.9,59.8,0.47,-0.0,-0.5,-1.3,3.0,-3.5,1857001.0,3306,0.0,,,,,"Downtrend, MACD+, BeatingAvgBench, BeatingAllBench",0.0,0.0,,,,,,
XMMO,55.2,blended,Neutral,equity_us,151.95,5.0,100.0,"3yr, 5yr, 10yr",2026-08-31,44,3.0,1.0,83.6,0.63,1.7,3.6,-0.5,21.0,-26.4,44850118.0,5081,3.5,3.4,4.6,3.4,2.4,"Overbought(RSI), MACD+, BeatingAvgBench, BeatingAllBench",,,,,,,,
IGM,55.2,blended,Neutral,equity_us,171.9,4.0,80.0,"3yr, 5yr, 10yr",2026-08-31,49,1.5,5.1,62.2,0.85,0.8,2.7,6.7,23.2,-26.9,46774525.0,5075,2.5,2.5,3.6,2.5,1.5,"Uptrend, MACD+, BeatingAvgBench, BeatingAllBench",,,,,,,,
STXE,55.2,blended,Neutral,equity_em,50.46,4.0,80.0,3yr,2026-08-31,49,0.2,0.5,68.8,1.1,1.6,-2.1,0.8,23.3,-21.5,548072.0,4433,-2.6,,,,,"Uptrend, MACD+, LowLiquidity",,,,,-2.6,,,
DTCR,55.2,blended,Neutral,real_estate,27.28,5.0,100.0,"3yr, 5yr",2026-08-31,44,-0.8,-2.2,52.4,0.85,0.7,-1.0,-2.1,23.1,-25.9,16655258.0,4369,0.6,,,,,"Downtrend, MACD+, BeatingAvgBench, BeatingAllBench",,,,,,0.6,,
RTH,55.2,blended,Neutral,equity_us,251.08,5.0,100.0,"3yr, 5yr, 10yr",2026-08-31,44,-0.7,-2.9,43.2,0.63,-0.0,-1.0,-3.9,17.5,-14.3,1176519.0,3475,-1.1,-1.2,-0.0,-1.2,-2.2,"Downtrend, MACD+",,,,,,,,
GAL,55.2,blended,Neutral,equity_intl,52.62,4.0,80.0,"3yr, 5yr, 10yr",2026-08-31,49,-0.4,-1.5,49.8,0.58,0.4,-0.7,-1.9,10.2,-10.0,648378.0,4326,0.3,,,,,"Downtrend, MACD+, BeatingAvgBench, LowLiquidity",,,0.6,-0.0,,,,
EPS,55.2,blended,Neutral,equity_us,80.53,4.4,88.0,"3yr, 5yr, 10yr",2026-08-31,47,0.2,-0.1,52.3,0.62,0.5,0.2,-1.2,13.8,-18.0,2724982.0,5071,0.0,-0.0,1.1,-0.0,-1.0,"MACD+, BeatingAvgBench",,,,,,,,
VGIT,55.2,blended,Neutral,equity_us,56.53,4.0,80.0,"3yr, 5yr, 10yr",2026-08-31,49,-0.3,-1.7,44.8,1.11,-0.2,-0.3,-2.5,4.2,-7.2,380737718.0,5080,-0.5,-0.5,0.7,-0.5,-1.5,Downtrend,,,,,,,,
RISR,55.2,blended,Neutral,bond,37.15,5.0,100.0,3yr,2026-08-31,44,0.6,1.1,54.5,0.77,0.4,0.6,1.3,17.1,-10.7,4826719.0,4640,1.1,,,,,"Uptrend, MACD+, BeatingAvgBench, BeatingAllBench",1.1,1.1,,,,,,
VFVA,55.2,blended,Neutral,equity_us,152.16,4.0,80.0,"3yr, 5yr",2026-08-31,49,-0.2,-3.9,58.1,1.44,0.1,-0.6,-6.5,18.7,-25.9,2214701.0,4739,-0.7,-0.8,0.4,-0.8,-1.8,"Downtrend, MACD+",,,,,,,,
VCIT,55.2,blended,Neutral,bond,77.96,4.2,84.0,"3yr, 5yr, 10yr",2026-08-31,48,-0.6,-2.4,41.8,1.02,-0.2,-0.6,-3.3,5.2,-8.4,872060792.0,5080,-0.1,,,,,"Downtrend, MACD+",-0.1,-0.1,,,,,,
HEWJ,55.2,blended,Neutral,equity_intl,66.21,4.2,84.0,"3yr, 5yr, 10yr",2026-08-31,48,1.6,2.4,64.4,0.76,1.0,1.0,2.3,21.7,-23.8,7114553.0,4922,2.1,,,,,"Uptrend, MACD+, BeatingAvgBench, BeatingAllBench",,,2.4,1.7,,,,
QYLG,55.2,blended,Neutral,equity_intl,30.63,4.4,88.0,"3yr, 5yr",2026-08-31,47,0.7,2.6,57.6,0.76,0.5,1.0,3.2,19.9,-33.3,1323680.0,4823,2.0,,,,,"Uptrend, MACD+, BeatingAvgBench, BeatingAllBench",,,2.4,1.7,,,,
IWY,55.2,blended,Neutral,equity_us,298.78,4.2,84.0,"3yr, 5yr, 10yr",2026-08-31,48,1.0,3.2,57.5,0.7,0.9,1.2,3.2,18.9,-23.9,76357449.0,5080,1.1,1.0,2.2,1.0,0.0,"Uptrend, MACD+, BeatingAvgBench, BeatingAllBench",,,,,,,,
FVAL,55.2,blended,Neutral,equity_us,81.44,4.0,80.0,"3yr, 5yr",2026-08-31,49,0.1,-0.8,54.0,0.87,0.3,-0.1,-2.7,14.0,-18.7,3518612.0,5077,-0.2,-0.3,0.9,-0.3,-1.3,MACD+,,,,,,,,
BKGI,55.2,blended,Neutral,equity_intl,41.71,5.0,100.0,3yr,2026-08-31,44,-1.4,-4.5,40.1,0.69,1.0,-2.1,-5.8,15.9,-11.7,19958105.0,3535,-1.1,,,,,"Downtrend, MACD+",,,-0.8,-1.4,,,,
BLOK,55.2,blended,Neutral,equity_us,61.73,5.0,100.0,3yr,2026-08-31,44,-1.8,-2.8,53.0,1.5,0.6,-1.8,-5.3,39.5,-40.2,15644916.0,5080,-2.0,-2.0,-0.9,-2.0,-3.0,"Downtrend, MACD+",,,,,,,,
JUCY,55.2,blended,Neutral,bond,21.65,5.0,100.0,3yr,2026-08-31,44,-0.3,-1.0,48.7,0.46,-0.3,-0.8,-1.2,5.4,-10.8,3733992.0,4861,-0.3,,,,,"Downtrend, MACD+",-0.3,-0.3,,,,,,
JCPB,55.2,blended,Neutral,bond,44.58,4.0,80.0,"3yr, 5yr",2026-08-31,49,-0.6,-2.2,43.4,1.02,-0.2,-0.7,-2.9,4.8,-8.4,125013956.0,5082,-0.1,,,,,"Downtrend, MACD+",-0.2,-0.1,,,,,,
JBBB,55.2,blended,Neutral,bond,47.31,4.0,80.0,3yr,2026-08-31,49,-0.4,-0.4,62.1,0.69,0.2,-0.8,-0.3,4.2,-6.5,20034673.0,5081,-0.3,,,,,MACD+,-0.3,-0.3,,,,,,
FSMD,55.2,blended,Neutral,equity_us,50.15,4.6,92.0,"3yr, 5yr",2026-08-31,46,1.2,-0.7,72.9,0.8,1.1,0.9,-2.3,17.6,-23.6,7467621.0,5072,0.8,0.7,1.9,0.7,-0.2,"Overbought(RSI), MACD+, BeatingAvgBench",,,,,,,,
VEU,55.2,blended,Neutral,equity_intl,83.23,4.0,80.0,"3yr, 5yr, 10yr",2026-08-31,49,-0.2,-1.7,53.1,0.81,1.0,-0.7,-3.1,14.9,-15.1,171388769.0,5080,0.4,,,,,"Downtrend, MACD+, BeatingAvgBench, BeatingAllBench",,,0.7,0.0,,,,
VT,55.2,blended,Neutral,equity_intl,158.94,4.0,80.0,"3yr, 5yr, 10yr",2026-08-31,49,0.1,-0.5,56.3,0.73,0.7,-0.1,-1.7,14.0,-17.2,370858385.0,5080,1.0,,,,,"MACD+, BeatingAvgBench, BeatingAllBench",,,1.3,0.6,,,,
AOA,55.2,blended,Neutral,equity_intl,97.5,4.0,80.0,"3yr, 5yr, 10yr",2026-08-31,49,-0.2,-0.9,49.7,0.71,0.3,-0.4,-2.0,11.5,-13.3,13002963.0,5080,0.6,,,,,"Downtrend, MACD+, BeatingAvgBench, BeatingAllBench",,,1.0,0.3,,,,
AVEM,55.2,blended,Neutral,equity_em,95.08,4.0,80.0,"3yr, 5yr",2026-08-31,49,0.6,0.4,65.6,0.72,1.2,0.8,-0.2,18.8,-19.9,147070812.0,5081,0.3,,,,,"MACD+, BeatingAvgBench, BeatingAllBench",,,,,0.3,,,
CWI,55.2,blended,Neutral,equity_intl,40.53,4.0,80.0,"3yr, 5yr, 10yr",2026-08-31,49,-0.2,-1.4,52.3,0.84,1.0,-0.6,-2.6,15.2,-14.6,10985837.0,5081,0.4,,,,,"Downtrend, MACD+, BeatingAvgBench, BeatingAllBench",,,0.7,0.1,,,,
ESN,55.2,blended,Neutral,equity_us,20.39,4.0,80.0,"3yr, 5yr",2026-08-31,49,-0.2,-0.9,51.2,0.77,0.4,-0.3,-0.6,14.6,-13.7,1234743.0,2884,-0.4,-0.5,0.7,-0.5,-1.4,"Downtrend, MACD+",,,,,,,,
USXF,55.2,blended,Neutral,equity_us,69.02,4.6,92.0,"3yr, 5yr",2026-08-31,46,0.9,1.7,61.5,0.55,0.6,1.2,1.6,18.6,-21.6,5160394.0,5078,1.0,1.0,2.2,1.0,0.0,"Uptrend, MACD+, BeatingAvgBench, BeatingAllBench",,,,,,,,
HEZU,55.2,blended,Neutral,equity_intl,48.4,4.8,96.0,"3yr, 5yr, 10yr",2026-08-31,45,-0.6,-1.3,44.7,0.6,1.1,-1.4,-1.2,15.2,-15.7,3591543.0,4892,-0.4,,,,,"Downtrend, MACD+",,,-0.0,-0.7,,,,
SCHP,55.2,blended,Neutral,bond,25.1,4.0,80.0,"3yr, 5yr, 10yr",2026-08-31,49,-0.3,-2.0,47.5,0.89,-0.2,-0.3,-2.9,4.5,-7.7,164423247.0,5080,0.2,,,,,"Downtrend, MACD+, BeatingAvgBench, BeatingAllBench",0.2,0.2,,,,,,
TVAL,55.2,blended,Neutral,equity_us,42.21,4.0,80.0,3yr,2026-08-31,49,-0.3,-1.4,51.2,0.99,0.6,-0.6,-2.9,14.2,-17.4,4187818.0,4098,-0.8,-0.8,0.3,-0.8,-1.8,"Downtrend, MACD+",,,,,,,,
DFIV,54.8,blended,Neutral,equity_intl,55.42,4.3,86.0,"3yr, 5yr, 10yr",2026-08-31,47,-1.4,-3.9,36.0,1.15,0.7,-2.8,-6.2,14.5,-15.2,72758061.0,5080,-1.7,,,,,"Downtrend, MACD+",,,-1.4,-2.0,,,,
BEDY,54.8,blended,Neutral,equity_us,28.53,4.1,82.0,"3yr, 5yr, 10yr",2026-08-31,48,-0.7,-3.2,41.7,0.85,0.6,-1.3,-5.0,14.1,-7.4,2655859.0,1371,-1.5,-1.6,-0.4,-1.5,-2.5,"Downtrend, MACD+, ShortHistory",,,,,,,,
GSPY,54.4,blended,Neutral,equity_us,42.73,4.0,80.0,"3yr, 5yr",2026-08-31,48,0.5,1.7,60.5,0.77,1.6,-0.3,0.7,19.5,-18.7,354496.0,2795,-0.5,-0.6,0.6,-0.6,-1.5,"Uptrend, MACD+, LowLiquidity",,,,,,,,
IBBQ,54.4,blended,Neutral,equity_us,34.28,4.0,80.0,"3yr, 5yr",2026-08-31,48,-1.9,-2.8,16.9,8.52,-1.1,-1.5,-5.2,22.6,-28.2,1375807.0,4126,-1.7,-1.7,-0.6,-1.7,-2.7,"Downtrend, Oversold(RSI), VolumeSurge",,,,,,,,
RWLC,54.4,blended,Neutral,equity_intl,38.78,5.0,100.0,3yr,2026-08-31,43,0.2,0.8,58.2,0.5,0.7,-0.8,0.8,26.8,-19.8,318778.0,853,0.2,,,,,"Uptrend, MACD+, BeatingAvgBench, LowLiquidity, ShortHistory",,,0.6,-0.1,,,,
CGGO,54.4,blended,Neutral,equity_intl,39.89,4.0,80.0,3yr,2026-08-31,48,-0.1,-0.3,49.0,0.77,0.5,0.2,-0.8,17.5,-18.6,42077059.0,5080,1.3,,,,,"Downtrend, MACD+, BeatingAvgBench, BeatingAllBench",,,1.6,0.9,,,,
LEXI,54.4,blended,Neutral,equity_us,40.33,5.0,100.0,"3yr, 5yr",2026-08-31,43,-0.3,-0.6,38.2,1.08,-0.4,-1.1,-1.8,19.7,-17.1,826524.0,1987,-1.2,-1.3,-0.1,-1.3,-2.2,"Downtrend, LowLiquidity",,,,,,,,
DFEV,54.4,blended,Neutral,equity_em,42.87,4.0,80.0,3yr,2026-08-31,48,0.8,0.2,64.3,0.65,1.2,0.8,-0.4,17.8,-19.4,9438911.0,5081,0.3,,,,,"MACD+, BeatingAvgBench, BeatingAllBench",,,,,0.3,,,
PIT,54.4,blended,Neutral,commodity,81.74,5.0,100.0,3yr,2026-08-31,43,-0.5,0.6,46.0,0.87,-1.4,-0.2,1.6,30.0,-17.5,5667420.0,2294,0.1,,,,,BeatingAvgBench,,,,,,,0.4,-0.1
BRNY,54.4,blended,Neutral,equity_us,58.24,5.0,100.0,3yr,2026-08-31,43,0.4,-0.2,56.8,0.19,0.7,0.7,-1.7,23.4,-20.9,1870113.0,2794,0.6,0.5,1.7,0.5,-0.5,"MACD+, BeatingAvgBench",,,,,,,,
DIVI,54.4,blended,Neutral,equity_intl,42.53,4.2,84.0,"3yr, 5yr, 10yr",2026-08-31,47,-0.6,-2.8,45.4,0.88,0.9,-1.4,-4.6,14.9,-14.5,8075388.0,5081,-0.4,,,,,"Downtrend, MACD+",,,-0.1,-0.7,,,,
EMDM,54.4,blended,Neutral,equity_em,42.01,5.0,100.0,3yr,2026-08-31,43,-0.9,-0.4,51.0,0.73,1.4,-0.5,-0.5,36.5,-22.0,446749.0,1842,-1.0,,,,,"MACD+, LowLiquidity",,,,,-1.0,,,
EIPX,54.4,blended,Neutral,equity_us,31.66,5.0,100.0,3yr,2026-08-31,43,-0.2,-3.9,64.7,0.58,0.5,-0.1,-6.3,16.0,-17.5,966248.0,4300,-0.3,-0.3,0.9,-0.3,-1.3,"Downtrend, MACD+, LowLiquidity",,,,,,,,
FLJH,54.4,blended,Neutral,equity_intl,46.81,4.6,92.0,"3yr, 5yr",2026-08-31,45,1.4,2.0,58.1,0.1,1.0,1.0,1.9,24.2,-23.0,2520761.0,4881,2.0,,,,,"Uptrend, MACD+, BeatingAvgBench, BeatingAllBench",,,2.4,1.7,,,,
PAVE,54.4,blended,Neutral,equity_intl,53.85,4.6,92.0,"3yr, 5yr",2026-08-31,45,1.5,-0.2,73.1,0.8,1.8,0.7,-1.5,20.7,-27.3,81935133.0,5080,1.8,,,,,"Overbought(RSI), MACD+, BeatingAvgBench, BeatingAllBench",,,2.1,1.5,,,,
JPIB,54.4,blended,Neutral,bond,46.44,4.6,92.0,"3yr, 5yr",2026-08-31,45,-0.5,-1.7,34.6,1.02,-0.1,-0.5,-2.3,4.2,-6.1,14449039.0,5078,0.0,,,,,"Downtrend, BeatingAvgBench, BeatingAllBench",0.0,0.0,,,,,,
YLD,54.4,blended,Neutral,bond,18.32,4.0,80.0,"3yr, 5yr, 10yr",2026-08-31,48,-0.9,-2.4,38.2,1.23,0.2,-1.2,-3.0,7.8,-7.7,4271260.0,5021,-0.7,,,,,"Downtrend, MACD+",-0.7,-0.6,,,,,,
AVDE,54.4,blended,Neutral,equity_intl,90.1,4.0,80.0,"3yr, 5yr",2026-08-31,48,-0.6,-2.6,46.3,0.94,1.0,-1.5,-4.6,14.7,-13.9,107151281.0,5080,-0.4,,,,,"Downtrend, MACD+",,,-0.1,-0.7,,,,
FDMO,54.4,blended,Neutral,equity_us,96.38,4.6,92.0,"3yr, 5yr",2026-08-31,45,0.8,1.9,62.7,0.47,0.8,0.9,2.0,19.1,-22.7,6170104.0,4930,0.7,0.7,1.9,0.7,-0.3,"Uptrend, MACD+, BeatingAvgBench",,,,,,,,
USCI,54.4,blended,Neutral,commodity,108.46,4.6,92.0,"3yr, 5yr, 10yr",2026-08-31,45,-1.1,-0.0,36.1,0.94,-1.3,-1.6,0.8,16.2,-12.8,1319003.0,4737,-1.3,,,,,-,,,,,,,-1.0,-1.5
SMLF,54.4,blended,Neutral,equity_us,85.04,4.8,96.0,"3yr, 5yr, 10yr",2026-08-31,44,0.9,-1.3,68.9,0.84,1.0,0.8,-3.3,19.8,-27.6,14599909.0,5081,0.6,0.6,1.7,0.6,-0.4,"MACD+, BeatingAvgBench",,,,,,,,
FLSP,54.4,blended,Neutral,equity_us,28.69,4.0,80.0,"3yr, 5yr",2026-08-31,48,0.1,0.4,50.4,1.2,0.0,-0.4,0.4,19.4,-9.4,3449327.0,4294,-0.5,-0.6,0.6,-0.6,-1.6,Uptrend,,,,,,,,
AESR,54.4,blended,Neutral,equity_us,20.16,4.4,88.0,"3yr, 5yr",2026-08-31,46,0.5,1.1,59.8,0.82,1.0,-0.3,2.6,22.7,-24.1,686850.0,4327,-0.5,-0.6,0.6,-0.5,-1.5,"Uptrend, MACD+, LowLiquidity",,,,,,,,
FEZ,54.4,blended,Neutral,equity_intl,66.77,4.0,80.0,"3yr, 5yr, 10yr",2026-08-31,48,-1.4,-3.8,41.1,1.24,1.2,-2.5,-5.4,17.4,-16.0,48773870.0,5080,-1.4,,,,,"Downtrend, MACD+",,,-1.1,-1.7,,,,
ILCV,54.4,blended,Neutral,equity_us,105.73,4.0,80.0,"3yr, 5yr, 10yr",2026-08-31,48,-0.3,-1.6,45.9,0.85,0.3,-0.7,-3.5,12.1,-16.2,2201238.0,5001,-0.8,-0.9,0.3,-0.9,-1.9,"Downtrend, MACD+",,,,,,,,
SPYM,54.4,blended,Neutral,equity_us,90.54,4.0,80.0,"3yr, 5yr, 10yr",2026-08-31,48,0.3,0.5,55.2,0.86,0.6,0.2,-0.5,27.4,-11.8,724523229.0,1808,0.1,0.0,1.2,0.0,-0.9,"Uptrend, MACD+, BeatingAvgBench",,,,,,,,
DVY,54.4,blended,Neutral,equity_us,152.98,4.0,80.0,"3yr, 5yr, 10yr",2026-08-31,48,-0.4,-4.3,53.2,1.01,0.3,-1.0,-7.2,13.8,-18.7,45372580.0,5079,-1.1,-1.2,-0.0,-1.2,-2.1,"Downtrend, MACD+",,,,,,,,
OPPE,54.4,blended,Neutral,equity_intl,57.35,5.0,100.0,"3yr, 5yr, 10yr",2026-08-31,43,-1.5,-3.5,39.5,0.48,0.9,-2.7,-3.8,14.2,-8.9,1154333.0,2228,-1.6,,,,,"Downtrend, MACD+",,,-1.3,-2.0,,,,
LST,54.4,blended,Neutral,equity_us,47.42,5.0,100.0,"3yr, 5yr, 10yr",2026-08-31,43,0.6,-0.5,69.2,0.16,0.6,0.0,-1.2,19.1,-19.2,5618265.0,2106,-0.2,-0.2,1.0,-0.2,-1.2,MACD+,,,,,,,,
VPL,54.0,blended,Neutral,equity_us,117.61,4.3,86.0,"3yr, 5yr, 10yr",2025-09-30,46,1.1,1.1,65.9,0.53,1.2,1.3,0.6,19.1,-18.8,44864337.0,5080,1.2,1.1,2.3,1.1,0.1,"MACD+, BeatingAvgBench, BeatingAllBench",,,,,,,,
ILF,54.0,blended,Neutral,equity_us,34.64,4.1,82.0,"3yr, 5yr, 10yr",2026-03-31,47,0.5,-1.7,51.2,1.19,1.2,0.4,-4.5,20.2,-30.1,90206126.0,5080,0.2,0.1,1.3,0.2,-0.8,"MACD+, BeatingAvgBench",,,,,,,,
TMFX,53.6,blended,Neutral,equity_us,23.82,4.0,80.0,3yr,2026-08-31,47,0.2,-1.2,60.5,1.17,0.2,-0.1,-4.2,23.1,-24.8,281828.0,3650,-0.2,-0.3,0.9,-0.3,-1.2,"MACD+, LowLiquidity",,,,,,,,
FAD,53.6,blended,Neutral,equity_us,184.23,5.0,100.0,"3yr, 5yr, 10yr",2026-08-31,42,1.1,0.4,69.6,0.31,1.1,1.4,1.7,23.9,-24.8,3918109.0,3520,1.3,1.2,2.4,1.2,0.2,"MACD+, BeatingAvgBench, BeatingAllBench",,,,,,,,
CEFZ,53.6,blended,Neutral,equity_us,7.9,5.0,100.0,"3yr, 5yr, 10yr",2026-08-31,42,-0.8,-3.3,68.5,0.49,0.6,-1.0,-4.8,20.6,-8.8,253786.0,1439,-1.2,-1.2,-0.0,-1.2,-2.2,"Downtrend, MACD+, LowLiquidity, ShortHistory",,,,,,,,
VFH,53.6,blended,Neutral,equity_us,130.52,4.0,80.0,"3yr, 5yr, 10yr",2026-08-31,47,-0.9,-5.1,51.3,1.21,0.2,-1.8,-8.8,17.0,-18.9,95874797.0,5080,-2.0,-2.1,-0.9,-2.1,-3.0,"Downtrend, MACD+",,,,,,,,
FLEU,53.6,blended,Neutral,equity_intl,34.57,4.6,92.0,"3yr, 5yr",2026-08-31,44,-1.8,-4.2,33.7,1.7,1.4,-2.9,-6.8,23.3,-16.4,282663.0,3118,-1.8,,,,,"Downtrend, VolumeSurge, LowLiquidity",,,-1.5,-2.1,,,,
VYMI,53.6,blended,Neutral,equity_intl,100.26,4.0,80.0,"3yr, 5yr, 10yr",2026-08-31,47,-1.3,-3.8,35.7,1.03,0.6,-2.5,-6.4,13.5,-13.6,89218655.0,5080,-1.4,,,,,"Downtrend, MACD+",,,-1.1,-1.8,,,,
KORP,53.6,blended,Neutral,bond,44.38,4.6,92.0,"3yr, 5yr",2026-08-31,44,-0.4,-2.1,51.2,0.52,-0.1,-0.4,-3.2,5.4,-9.0,5075229.0,4951,0.1,,,,,"Downtrend, MACD+, BeatingAvgBench, BeatingAllBench",0.1,0.1,,,,,,
AVDV,53.6,blended,Neutral,equity_intl,108.74,4.4,88.0,"3yr, 5yr",2026-08-31,45,-0.8,-2.3,40.4,0.69,0.6,-1.4,-4.4,16.3,-14.9,67929450.0,5080,-0.4,,,,,"Downtrend, MACD+",,,-0.0,-0.7,,,,
MISL,53.6,blended,Neutral,equity_us,42.14,4.0,80.0,3yr,2026-08-31,47,-0.1,-2.1,60.3,1.07,0.8,-0.3,-4.0,21.1,-20.4,3532655.0,4771,-0.5,-0.6,0.6,-0.5,-1.5,"Downtrend, MACD+",,,,,,,,
FITE,53.6,blended,Neutral,equity_us,112.69,4.0,80.0,"3yr, 5yr",2026-08-31,47,0.9,1.2,60.2,1.03,1.2,0.8,-0.5,27.3,-23.4,883289.0,3750,0.6,0.5,1.7,0.6,-0.4,"Uptrend, MACD+, BeatingAvgBench, LowLiquidity",,,,,,,,
XLY,53.6,blended,Neutral,equity_us,110.0,4.0,80.0,"3yr, 5yr, 10yr",2026-08-31,47,0.4,-2.6,61.3,1.11,1.0,0.3,-5.7,20.3,-26.3,607426476.0,5080,0.2,0.1,1.3,0.1,-0.9,"MACD+, BeatingAvgBench",,,,,,,,
AVSD,53.6,blended,Neutral,equity_intl,79.34,4.0,80.0,3yr,2026-08-31,47,-0.9,-2.9,38.6,1.06,0.9,-1.9,-4.0,18.3,-13.3,2099436.0,3497,-0.9,,,,,"Downtrend, MACD+",,,-0.5,-1.2,,,,
MFUS,53.6,blended,Neutral,equity_us,65.15,4.0,80.0,"3yr, 5yr",2026-08-31,47,-0.3,-1.5,51.0,0.77,1.0,-0.7,-2.3,15.8,-16.1,902845.0,3469,-0.9,-0.9,0.2,-0.9,-1.9,"Downtrend, MACD+, LowLiquidity",,,,,,,,
VFQY,53.6,blended,Neutral,equity_us,171.55,4.0,80.0,"3yr, 5yr",2026-08-31,47,-0.1,-2.0,61.8,0.98,0.7,0.2,-3.3,17.6,-21.9,1483079.0,4315,0.1,0.0,1.2,0.0,-1.0,"Downtrend, MACD+, BeatingAvgBench",,,,,,,,
XSVN,53.6,blended,Neutral,bond,44.54,5.0,100.0,3yr,2026-08-31,42,-0.5,-2.4,46.8,0.17,-0.2,-0.5,-3.5,6.1,-10.4,7451808.0,4646,-0.0,,,,,"Downtrend, MACD+",-0.0,0.0,,,,,,
PPA,53.6,blended,Neutral,equity_us,156.04,4.8,96.0,"3yr, 5yr, 10yr",2026-08-31,43,-0.6,-3.9,65.0,0.73,0.4,-1.2,-5.5,18.4,-17.5,43208543.0,5080,-1.3,-1.4,-0.2,-1.4,-2.3,"Downtrend, MACD+",,,,,,,,
GDE,53.6,blended,Neutral,commodity,63.78,5.0,100.0,3yr,2025-09-30,42,-1.1,-4.5,49.8,0.68,-0.3,-0.1,-7.4,29.2,-22.7,6636524.0,4489,0.2,,,,,"Downtrend, MACD+, BeatingAvgBench, BeatingAllBench",,,,,,,0.4,0.0
CPLB,53.6,blended,Neutral,bond,19.98,4.4,88.0,"3yr, 5yr",2026-08-31,45,-0.7,-2.4,49.4,0.69,-0.2,-1.0,-2.9,6.2,-7.7,1789529.0,1866,-0.5,,,,,"Downtrend, MACD+",-0.5,-0.5,,,,,,
LSAF,53.6,blended,Neutral,equity_us,53.73,5.0,100.0,"3yr, 5yr",2026-08-31,42,-0.4,-2.7,53.5,0.29,0.7,-0.9,-4.3,18.6,-21.1,691190.0,4089,-1.1,-1.1,0.0,-1.1,-2.1,"Downtrend, MACD+, LowLiquidity",,,,,,,,
VDC,53.6,blended,Neutral,equity_us,218.16,4.6,92.0,"3yr, 5yr, 10yr",2026-08-31,44,-1.2,-3.5,39.5,0.65,0.2,-2.3,-5.3,12.4,-11.0,40794717.0,5080,-2.4,-2.5,-1.3,-2.5,-3.4,"Downtrend, MACD+",,,,,,,,
IGHG,53.2,blended,Neutral,bond,77.5,4.3,86.0,"3yr, 5yr, 10yr",2026-08-31,45,-0.2,-0.3,44.5,0.34,0.1,-0.3,-0.0,7.2,-6.2,1889376.0,4692,0.2,,,,,"Downtrend, MACD+, BeatingAvgBench, BeatingAllBench",0.2,0.2,,,,,,
PICK,53.2,blended,Neutral,equity_intl,60.18,4.1,82.0,"3yr, 5yr, 10yr",2026-08-31,46,-0.2,-4.7,48.8,1.42,1.6,-0.5,-7.3,26.3,-34.5,41820106.0,5080,0.5,,,,,"Downtrend, MACD+, BeatingAvgBench, BeatingAllBench",,,0.8,0.2,,,,
IAK,53.2,blended,Neutral,equity_us,137.03,4.1,82.0,"3yr, 5yr, 10yr",2026-08-31,46,-0.3,-3.8,58.4,0.76,0.0,-0.8,-7.4,16.5,-12.7,11094360.0,5077,-1.0,-1.0,0.2,-1.0,-2.0,"Downtrend, MACD+",,,,,,,,
DIEM,53.2,blended,Neutral,equity_em,43.12,4.1,82.0,"3yr, 5yr, 10yr",2026-08-31,46,-0.1,0.1,49.1,0.63,0.9,-0.2,0.1,25.0,-16.8,813185.0,2648,-0.7,,,,,"MACD+, LowLiquidity",,,,,-0.7,,,
BKFI,53.2,blended,Neutral,bond,22.72,4.1,82.0,"3yr, 5yr, 10yr",2026-08-31,46,-1.3,,40.6,1.63,-0.4,-2.3,-3.4,11.8,-7.6,778677.0,572,-1.8,,,,,"VolumeSurge, MACD+, LowLiquidity, ShortHistory",-1.8,-1.8,,,,,,
JPLD,53.2,blended,Neutral,bond,51.25,4.3,86.0,"3yr, 5yr, 10yr",2026-08-31,45,-0.2,-0.8,34.2,0.69,0.0,-0.3,-1.1,2.4,-2.9,21279938.0,5012,0.2,,,,,"Downtrend, BeatingAvgBench, BeatingAllBench",0.2,0.2,,,,,,
FLOT,53.2,blended,Neutral,bond,50.88,4.3,86.0,"3yr, 5yr, 10yr",2026-08-31,45,-0.2,-0.2,18.5,0.79,0.0,-0.3,0.0,1.9,-2.2,112513056.0,5080,0.2,,,,,"Oversold(RSI), BeatingAvgBench, BeatingAllBench",0.2,0.2,,,,,,
AIA,52.8,blended,Neutral,equity_intl,144.06,4.6,92.0,"3yr, 5yr, 10yr",2026-08-31,43,0.5,2.2,68.5,0.5,0.9,1.0,3.5,25.3,-22.1,42840084.0,4955,2.0,,,,,"Uptrend, MACD+, BeatingAvgBench, BeatingAllBench",,,2.4,1.7,,,,
JVAL,52.8,blended,Neutral,equity_us,58.65,4.0,80.0,"3yr, 5yr",2026-08-31,46,0.5,-0.6,64.5,0.67,0.4,0.8,-2.0,15.6,-21.7,2981019.0,5029,0.6,0.6,1.7,0.6,-0.4,"MACD+, BeatingAvgBench",,,,,,,,
VSLU,52.8,blended,Neutral,equity_us,48.8,4.0,80.0,"3yr, 5yr",2026-08-31,46,0.0,0.1,48.4,0.59,0.4,-0.6,-1.2,14.9,-18.1,899607.0,4559,-0.8,-0.8,0.4,-0.8,-1.8,"Uptrend, MACD+, LowLiquidity",,,,,,,,
SUSL,52.8,blended,Neutral,equity_us,137.43,4.0,80.0,"3yr, 5yr",2026-08-31,46,0.6,0.6,52.0,0.53,0.7,0.2,-0.1,15.6,-20.4,2828652.0,4727,0.0,-0.0,1.2,-0.0,-1.0,"MACD+, BeatingAvgBench",,,,,,,,
SHYL,52.8,blended,Neutral,bond,42.75,4.2,84.0,"3yr, 5yr",2026-08-31,45,-0.8,-2.2,37.6,0.67,0.0,-1.2,-2.7,5.1,-6.7,1124782.0,4782,-0.7,,,,,"Downtrend, MACD+",-0.7,-0.7,,,,,,
XMHQ,52.8,blended,Neutral,equity_us,113.56,4.2,84.0,"3yr, 5yr, 10yr",2026-08-31,45,0.9,-1.6,72.9,0.89,0.4,1.1,-3.9,18.3,-25.6,18236893.0,5080,0.9,0.9,2.1,0.9,-0.1,"Overbought(RSI), MACD+, BeatingAvgBench",,,,,,,,
GLOF,52.8,blended,Neutral,equity_intl,60.93,4.2,84.0,"3yr, 5yr, 10yr",2026-08-31,45,-0.1,-0.2,46.5,0.53,0.9,-0.7,-0.2,17.3,-16.9,1713795.0,3374,0.3,,,,,"Downtrend, MACD+, BeatingAvgBench, BeatingAllBench",,,0.7,0.0,,,,
GCAD,52.8,blended,Neutral,equity_us,48.93,5.0,100.0,3yr,2026-08-31,41,-0.8,-7.0,56.1,1.1,0.4,-1.1,-11.8,36.4,-18.7,412583.0,1752,-1.3,-1.4,-0.2,-1.3,-2.3,"Downtrend, MACD+, LowLiquidity, ShortHistory",,,,,,,,
PIFI,52.8,blended,Neutral,bond,90.95,4.2,84.0,"3yr, 5yr",2026-08-31,45,-1.1,,35.4,1.29,0.2,-1.1,-4.4,9.1,-6.3,487198.0,712,-0.6,,,,,"MACD+, LowLiquidity, ShortHistory",-0.6,-0.6,,,,,,
MNBD,52.8,blended,Neutral,bond,25.09,5.0,100.0,3yr,2026-08-31,41,0.8,,69.2,0.62,2.6,0.1,-1.9,7.9,-7.6,227699.0,1321,0.6,,,,,"MACD+, BeatingAvgBench, BeatingAllBench, LowLiquidity, ShortHistory",0.6,0.6,,,,,,
VOTE,52.8,blended,Neutral,equity_us,90.75,4.0,80.0,"3yr, 5yr",2026-08-31,46,0.3,0.5,55.5,0.37,0.7,-0.2,0.7,14.9,-19.6,2616925.0,4782,-0.4,-0.4,0.7,-0.4,-1.4,"Uptrend, MACD+",,,,,,,,
USSG,52.8,blended,Neutral,equity_us,72.02,4.0,80.0,"3yr, 5yr",2026-08-31,46,0.5,0.5,52.6,0.45,1.0,0.3,-0.4,15.7,-20.5,1177910.0,4743,0.2,0.1,1.3,0.1,-0.8,"MACD+, BeatingAvgBench",,,,,,,,
TRFM,52.8,blended,Neutral,equity_intl,60.68,5.0,100.0,3yr,2026-08-31,41,2.2,3.0,83.4,0.27,1.6,1.8,3.1,28.0,-28.8,3360157.0,3723,2.9,,,,,"Uptrend, Overbought(RSI), MACD+, BeatingAvgBench, BeatingAllBench",,,3.2,2.5,,,,
TUG,52.8,blended,Neutral,equity_us,48.43,5.0,100.0,3yr,2026-08-31,41,3.3,,62.8,0.61,2.0,4.2,2.8,26.1,-25.8,378956.0,2726,4.1,4.0,5.2,4.0,3.0,"MACD+, BeatingAvgBench, BeatingAllBench, LowLiquidity",,,,,,,,
EQRR,52.8,blended,Neutral,equity_us,85.4,5.0,100.0,"3yr, 5yr",2026-08-31,41,0.6,-1.0,68.9,0.58,0.8,0.7,-2.3,28.7,-19.3,1012724.0,1675,0.6,0.5,1.7,0.5,-0.5,"MACD+, BeatingAvgBench, ShortHistory",,,,,,,,
QQMG,52.8,blended,Neutral,equity_us,52.41,4.0,80.0,3yr,2026-08-31,46,1.1,4.0,59.5,0.35,0.7,0.6,6.1,21.8,-23.1,935547.0,4270,0.4,0.3,1.5,0.4,-0.6,"Uptrend, MACD+, BeatingAvgBench, LowLiquidity",,,,,,,,
AVUV,52.8,blended,Neutral,equity_us,120.07,4.0,80.0,"3yr, 5yr",2026-08-31,46,0.5,-2.5,73.1,1.31,0.8,-0.2,-4.9,20.4,-30.5,158481087.0,5080,-0.4,-0.4,0.7,-0.4,-1.4,"Overbought(RSI), MACD+",,,,,,,,
REIT,52.8,blended,Neutral,real_estate,28.35,4.6,92.0,"3yr, 5yr",2026-08-31,43,-1.3,-4.8,43.7,0.92,1.1,-1.8,-8.2,19.7,-21.1,389094.0,3742,-0.2,,,,,"Downtrend, MACD+, LowLiquidity",,,,,,-0.2,,
XSMO,52.8,blended,Neutral,equity_us,83.57,4.4,88.0,"3yr, 5yr, 10yr",2026-08-31,44,1.4,0.3,70.2,0.68,1.9,1.3,-0.8,21.2,-26.6,23817300.0,5080,1.2,1.1,2.3,1.1,0.1,"Overbought(RSI), MACD+, BeatingAvgBench, BeatingAllBench",,,,,,,,
BCPL,52.8,blended,Neutral,bond,23.68,5.0,100.0,"3yr, 5yr, 10yr",2026-08-31,41,-0.6,-2.3,40.7,0.35,0.1,-0.8,-2.9,9.0,-7.2,2136326.0,921,-0.3,,,,,"Downtrend, MACD+, ShortHistory",-0.3,-0.3,,,,,,
CGXU,52.8,blended,Neutral,equity_intl,34.6,4.0,80.0,3yr,2026-08-31,46,0.0,-0.9,55.8,0.73,1.2,0.1,-1.0,18.8,-22.2,37180352.0,5080,1.2,,,,,"MACD+, BeatingAvgBench, BeatingAllBench",,,1.5,0.9,,,,
AVDS,52.8,blended,Neutral,equity_intl,77.88,4.0,80.0,3yr,2026-08-31,46,-0.5,-2.1,45.3,0.77,0.7,-1.1,-4.0,19.0,-14.9,1512014.0,3377,0.0,,,,,"Downtrend, MACD+, BeatingAvgBench",,,0.3,-0.3,,,,
QINT,52.8,blended,Neutral,equity_intl,69.39,4.4,88.0,"3yr, 5yr",2026-08-31,44,-0.7,-2.9,42.6,0.63,0.8,-1.4,-5.0,15.6,-14.3,2334605.0,4569,-0.3,,,,,"Downtrend, MACD+",,,0.0,-0.6,,,,
DISV,52.8,blended,Neutral,equity_intl,42.84,4.0,80.0,3yr,2026-08-31,46,-1.1,-2.9,36.4,0.92,0.7,-2.2,-4.7,15.5,-14.8,13662574.0,5080,-1.1,,,,,"Downtrend, MACD+",,,-0.8,-1.5,,,,
TNGY,52.4,blended,Neutral,equity_us,10.91,4.1,82.0,"3yr, 5yr, 10yr",2026-08-31,45,1.3,-2.2,66.6,0.24,0.8,1.5,-5.0,19.9,-12.0,1152072.0,2263,1.4,1.3,2.5,1.3,0.4,"MACD+, BeatingAvgBench, BeatingAllBench",,,,,,,,
QLC,52.4,blended,Neutral,equity_us,91.7,4.1,82.0,"3yr, 5yr, 10yr",2026-08-31,45,0.3,-0.4,49.6,0.38,0.5,-0.2,-0.8,15.9,-19.5,4558971.0,4160,-0.4,-0.4,0.8,-0.4,-1.4,MACD+,,,,,,,,
GOP,52.0,blended,Neutral,equity_us,45.27,4.0,80.0,3yr,2026-08-31,45,0.9,1.4,72.4,0.98,1.0,0.7,2.3,33.0,-20.9,392283.0,2355,0.6,0.5,1.7,0.5,-0.5,"Uptrend, Overbought(RSI), MACD+, BeatingAvgBench, LowLiquidity",,,,,,,,
BCTK,52.0,blended,Neutral,equity_us,31.75,4.0,80.0,3yr,2026-08-31,45,2.3,5.2,72.1,0.18,1.4,2.3,8.7,31.0,-18.6,1282893.0,1325,2.1,2.1,3.2,2.1,1.1,"Uptrend, Overbought(RSI), MACD+, BeatingAvgBench, BeatingAllBench, ShortHistory",,,,,,,,
UFOX,52.0,blended,Neutral,equity_us,88.17,4.0,80.0,"3yr, 5yr",2026-08-31,45,2.7,5.8,78.4,0.89,2.6,2.2,10.8,35.1,-28.8,1809914.0,738,2.0,1.9,3.1,1.9,1.0,"Uptrend, Overbought(RSI), MACD+, BeatingAvgBench, BeatingAllBench, ShortHistory",,,,,,,,
PJFV,52.0,blended,Neutral,equity_us,100.3,5.0,100.0,3yr,2026-08-31,40,0.2,0.1,53.2,0.49,1.0,-0.8,1.5,33.5,-19.1,999963.0,1124,-1.0,-1.0,0.2,-1.0,-2.0,"MACD+, LowLiquidity, ShortHistory",,,,,,,,
PEXL,52.0,blended,Neutral,equity_us,74.32,4.0,80.0,"3yr, 5yr",2026-08-31,45,3.2,2.4,61.2,0.4,0.5,3.9,2.3,28.6,-24.9,265027.0,2577,3.8,3.7,4.9,3.7,2.7,"MACD+, BeatingAvgBench, BeatingAllBench, LowLiquidity",,,,,,,,
PSC,52.0,blended,Neutral,equity_us,67.57,4.0,80.0,"3yr, 5yr",2026-08-31,45,0.7,-0.9,64.9,0.78,0.9,0.5,-2.3,20.2,-25.2,6395565.0,4899,0.3,0.3,1.5,0.3,-0.7,"MACD+, BeatingAvgBench",,,,,,,,
FFSM,52.0,blended,Neutral,equity_us,34.5,4.0,80.0,"3yr, 5yr",2026-08-31,45,0.9,-2.5,66.0,0.9,0.5,1.1,-4.9,19.8,-25.7,16920835.0,4428,0.9,0.8,2.0,0.8,-0.1,"MACD+, BeatingAvgBench",,,,,,,,
XONE,52.0,blended,Neutral,bond,49.07,4.0,80.0,3yr,2026-08-31,45,-0.1,-0.3,32.8,0.61,0.0,-0.2,-0.3,1.4,-1.9,5620996.0,5057,0.3,,,,,"Downtrend, BeatingAvgBench, BeatingAllBench",0.3,0.4,,,,,,
XTEN,52.0,blended,Neutral,bond,42.21,4.0,80.0,3yr,2026-08-31,45,-0.8,-3.2,46.8,1.21,-0.3,-0.8,-4.3,8.4,-14.5,17970775.0,4809,-0.3,,,,,"Downtrend, MACD+",-0.3,-0.3,,,,,,
AMUN,52.0,blended,Neutral,equity_us,25.85,4.0,80.0,"3yr, 5yr, 10yr",2026-08-31,45,,,,1.79,,-0.7,-0.7,6.8,-1.7,502936.0,333,-0.9,-0.9,0.3,-0.9,-1.9,"VolumeSurge, LowLiquidity, Leveraged, ShortHistory, RSI_NaN",,,,,,,,
MMSC,52.0,blended,Neutral,equity_us,27.16,4.0,80.0,3yr,2026-08-31,45,0.8,-2.2,64.7,1.3,1.4,0.1,-5.4,30.2,-30.8,162940.0,2899,-0.1,-0.1,1.1,-0.1,-1.1,"MACD+, LowLiquidity",,,,,,,,
UBND,52.0,blended,Neutral,bond,20.66,4.0,80.0,3yr,2026-08-31,45,-0.3,-2.1,52.6,0.39,-0.1,-0.4,-3.3,5.0,-8.1,11200305.0,4617,0.1,,,,,"Downtrend, MACD+, BeatingAvgBench, BeatingAllBench",0.1,0.2,,,,,,
IWX,52.0,blended,Neutral,equity_us,109.78,4.0,80.0,"3yr, 5yr, 10yr",2026-08-31,45,-0.4,-1.7,46.2,0.3,0.3,-0.9,-3.5,12.2,-14.8,32446706.0,5080,-1.0,-1.1,0.1,-1.1,-2.1,"Downtrend, MACD+",,,,,,,,
MAGS,52.0,blended,Neutral,equity_us,72.57,4.0,80.0,3yr,2026-08-31,45,0.8,3.4,54.9,0.71,1.2,1.0,2.8,24.6,-30.8,249422354.0,5051,0.8,0.8,1.9,0.8,-0.2,"Uptrend, MACD+, BeatingAvgBench",,,,,,,,
LVDS,52.0,blended,Neutral,equity_us,58.68,4.0,80.0,"3yr, 5yr, 10yr",2026-08-31,45,-0.7,-1.9,46.6,0.24,0.1,-1.1,-3.7,16.0,-8.2,679856.0,1209,-1.2,-1.3,-0.1,-1.3,-2.3,"Downtrend, MACD+, LowLiquidity, ShortHistory",,,,,,,,
FDIS,52.0,blended,Neutral,equity_us,96.07,4.4,88.0,"3yr, 5yr, 10yr",2026-08-31,43,0.6,-2.5,62.8,0.76,1.1,0.6,-5.6,20.6,-27.6,10431526.0,5080,0.4,0.4,1.5,0.4,-0.6,"MACD+, BeatingAvgBench",,,,,,,,
CRAK,51.6,blended,Neutral,commodity,64.24,4.3,86.0,"3yr, 5yr, 10yr",2026-08-31,43,0.8,1.3,60.5,0.48,1.3,-0.2,2.3,22.4,-39.9,37678880.0,4138,0.1,,,,,"Uptrend, MACD+, BeatingAvgBench",,,,,,,0.4,-0.1
NEAR,51.6,blended,Neutral,bond,49.75,4.1,82.0,"3yr, 5yr, 10yr",2026-08-31,44,-0.2,-0.9,33.5,0.64,-0.0,-0.3,-1.2,2.1,-3.2,40229737.0,5080,0.2,,,,,"Downtrend, BeatingAvgBench, BeatingAllBench",0.2,0.2,,,,,,
GRPM,51.6,blended,Neutral,equity_us,136.98,4.3,86.0,"3yr, 5yr, 10yr",2026-08-31,43,0.4,-3.0,63.8,0.88,0.1,-0.0,-5.6,20.1,-29.1,1581009.0,4836,-0.2,-0.2,1.0,-0.2,-1.2,MACD+,,,,,,,,
IFRA,51.2,blended,Neutral,equity_us,56.12,4.0,80.0,"3yr, 5yr",2026-08-31,44,1.1,-2.5,70.1,0.63,1.3,0.9,-4.8,16.4,-21.8,23101402.0,5080,0.7,0.7,1.8,0.7,-0.3,"Overbought(RSI), MACD+, BeatingAvgBench",,,,,,,,
HFND,51.2,blended,Neutral,equity_us,23.99,4.0,80.0,3yr,2026-08-31,44,-0.3,-1.4,55.1,0.27,0.4,-0.2,-2.1,18.5,-16.7,236258.0,3191,-0.3,-0.4,0.8,-0.4,-1.4,"Downtrend, MACD+, LowLiquidity",,,,,,,,
BBIB,51.2,blended,Neutral,bond,94.09,4.0,80.0,3yr,2026-08-31,44,,,,2.01,0.2,-1.2,-3.4,9.3,-7.1,815689.0,856,-0.7,,,,,"VolumeSurge, MACD+, LowLiquidity, ShortHistory, RSI_NaN",-0.7,-0.6,,,,,,
NUGO,51.2,blended,Neutral,equity_us,44.72,4.0,80.0,3yr,2026-08-31,44,2.2,3.4,60.1,0.29,1.0,1.8,1.2,26.1,-26.0,692311.0,3077,1.6,1.5,2.7,1.6,0.6,"Uptrend, MACD+, BeatingAvgBench, BeatingAllBench, LowLiquidity",,,,,,,,
SIXH,51.2,blended,Neutral,equity_intl,43.91,4.6,92.0,"3yr, 5yr",2026-08-31,41,-0.8,,32.0,1.03,-0.3,-0.9,-0.7,13.4,-10.3,694338.0,2869,0.2,,,,,"BeatingAvgBench, LowLiquidity",,,0.5,-0.1,,,,
ESPO,51.2,blended,Neutral,equity_us,97.36,4.0,80.0,"3yr, 5yr",2026-08-31,44,0.2,-0.0,62.2,0.85,0.4,-0.2,0.9,21.3,-30.5,1485469.0,4700,-0.3,-0.4,0.8,-0.4,-1.3,MACD+,,,,,,,,
VBR,51.2,blended,Neutral,equity_us,234.27,4.0,80.0,"3yr, 5yr, 10yr",2026-08-31,44,0.1,-2.9,65.3,0.85,0.7,-0.1,-5.0,17.7,-26.1,65545133.0,5080,-0.3,-0.3,0.9,-0.3,-1.3,MACD+,,,,,,,,
PXF,51.2,blended,Neutral,equity_intl,76.13,4.0,80.0,"3yr, 5yr, 10yr",2026-08-31,44,-0.7,-3.1,47.5,0.52,1.0,-1.6,-5.2,15.5,-14.7,10462680.0,5071,-0.5,,,,,"Downtrend, MACD+",,,-0.2,-0.9,,,,
LQDH,51.2,blended,Neutral,bond,92.12,5.0,100.0,"3yr, 5yr, 10yr",2026-08-31,39,-0.5,-0.6,19.9,0.52,-0.5,-0.6,-0.4,4.0,-6.3,3587318.0,5029,-0.1,,,,,"Downtrend, Oversold(RSI)",-0.1,-0.0,,,,,,
SEA,51.2,blended,Neutral,equity_intl,20.54,4.0,80.0,3yr,2026-08-31,44,2.1,2.5,67.6,0.55,0.7,3.6,3.2,25.9,-43.8,484473.0,3707,4.6,,,,,"Uptrend, MACD+, BeatingAvgBench, BeatingAllBench, LowLiquidity",,,5.0,4.3,,,,
SAGP,51.2,blended,Neutral,equity_intl,34.97,4.0,80.0,3yr,2026-08-31,44,-1.6,-4.7,50.8,0.75,0.5,-2.3,-7.4,20.3,-11.8,185378.0,2363,-1.3,,,,,"Downtrend, MACD+, LowLiquidity",,,-1.0,-1.6,,,,
BLDG,51.2,blended,Neutral,real_estate,25.14,4.6,92.0,"3yr, 5yr",2026-08-31,41,-1.1,-5.7,52.5,0.83,1.0,-1.9,-7.4,23.4,-23.3,759328.0,2498,-0.3,,,,,"Downtrend, MACD+, LowLiquidity",,,,,,-0.3,,
QPX,51.2,blended,Neutral,equity_us,48.52,4.4,88.0,"3yr, 5yr",2026-08-31,42,0.2,0.2,39.9,0.26,0.2,0.7,-0.7,25.2,-17.9,319626.0,1859,0.5,0.4,1.6,0.5,-0.5,"Uptrend, MACD+, BeatingAvgBench, LowLiquidity",,,,,,,,
GSST,51.2,blended,Neutral,bond,50.3,4.0,80.0,"3yr, 5yr",2026-08-31,44,-0.2,-0.3,17.7,0.6,0.0,-0.3,-0.2,1.5,-0.9,12084305.0,5074,0.2,,,,,"Downtrend, Oversold(RSI), BeatingAvgBench, BeatingAllBench, Leveraged",0.2,0.2,,,,,,
LGRO,51.2,blended,Neutral,equity_us,47.33,4.0,80.0,3yr,2026-08-31,44,1.1,5.0,51.7,0.35,0.3,2.3,11.4,32.0,-23.9,1216838.0,1912,2.1,2.1,3.2,2.1,1.1,"Uptrend, MACD+, BeatingAvgBench, BeatingAllBench",,,,,,,,
XMVM,51.2,blended,Neutral,equity_us,71.48,4.4,88.0,"3yr, 5yr, 10yr",2026-08-31,42,1.0,-2.5,75.5,0.76,1.1,0.3,-5.3,19.4,-26.1,2287952.0,4904,0.2,0.1,1.3,0.1,-0.8,"Overbought(RSI), MACD+, BeatingAvgBench",,,,,,,,
IAI,50.8,blended,Neutral,equity_us,176.01,4.7,94.0,"3yr, 5yr, 10yr",2026-08-31,40,-1.4,-6.2,48.2,0.89,-0.0,-2.0,-11.0,20.6,-24.4,14850343.0,5050,-2.2,-2.3,-1.1,-2.2,-3.2,"Downtrend, MACD+",,,,,,,,
IGBH,50.4,blended,Neutral,bond,24.46,5.0,100.0,"3yr, 5yr, 10yr",2026-08-31,38,-0.5,-0.5,24.6,0.45,-0.3,-0.5,-0.2,5.2,-8.0,3197355.0,4926,0.0,,,,,"Oversold(RSI), BeatingAvgBench, BeatingAllBench",0.0,0.0,,,,,,
QDEF,50.4,blended,Neutral,equity_us,89.68,4.0,80.0,"3yr, 5yr, 10yr",2026-08-31,43,-0.1,,59.3,0.68,0.9,-0.1,-1.8,13.4,-15.7,634791.0,4068,-0.3,-0.3,0.9,-0.3,-1.3,"MACD+, LowLiquidity",,,,,,,,
AMZY,50.4,blended,Neutral,equity_us,10.32,4.0,80.0,3yr,2026-08-31,43,0.7,-1.5,51.5,0.85,0.8,1.2,-2.9,27.9,-58.5,2650998.0,5080,1.0,1.0,2.1,1.0,0.0,"MACD+, BeatingAvgBench, BeatingAllBench",,,,,,,,
AVSC,50.4,blended,Neutral,equity_us,70.39,4.0,80.0,3yr,2026-08-31,43,0.9,-1.5,67.5,0.79,0.9,0.6,-3.4,20.9,-30.0,8115784.0,5083,0.5,0.4,1.6,0.4,-0.5,"MACD+, BeatingAvgBench",,,,,,,,
HFGO,50.4,blended,Neutral,equity_us,30.64,4.0,80.0,3yr,2026-08-31,43,0.7,3.3,61.7,0.49,0.8,0.3,5.7,26.3,-25.6,800428.0,3454,0.2,0.1,1.3,0.1,-0.9,"Uptrend, MACD+, BeatingAvgBench, LowLiquidity",,,,,,,,
DFNL,50.4,blended,Neutral,equity_us,48.26,4.4,88.0,"3yr, 5yr",2026-08-31,41,-0.6,-4.6,52.0,0.56,0.8,-1.3,-8.0,19.7,-17.9,1342847.0,4365,-1.4,-1.5,-0.3,-1.5,-2.5,"Downtrend, MACD+",,,,,,,,
XFIV,50.4,blended,Neutral,bond,46.56,4.0,80.0,3yr,2026-08-31,43,-0.3,-1.7,45.5,0.77,-0.2,-0.3,-2.6,4.7,-7.7,1929892.0,4448,0.2,,,,,"Downtrend, BeatingAvgBench, BeatingAllBench",0.2,0.2,,,,,,
WELD,50.4,blended,Neutral,equity_us,55.23,4.0,80.0,3yr,2026-08-31,43,3.0,2.7,89.5,0.27,2.6,2.6,3.2,27.5,-18.7,1436598.0,502,2.5,2.4,3.6,2.4,1.4,"Overbought(RSI), MACD+, BeatingAvgBench, BeatingAllBench, ShortHistory",,,,,,,,
IYC,50.4,blended,Neutral,equity_us,95.17,4.0,80.0,"3yr, 5yr, 10yr",2026-08-31,43,-0.3,-3.3,51.7,0.69,0.4,-0.6,-6.1,17.1,-22.1,8392031.0,5076,-0.8,-0.9,0.3,-0.8,-1.8,"Downtrend, MACD+",,,,,,,,
VTIP,50.4,blended,Neutral,bond,48.36,4.0,80.0,"3yr, 5yr, 10yr",2026-08-31,43,-1.3,-2.2,10.8,1.06,-0.1,-1.7,-2.8,2.8,-4.8,157447313.0,5080,-1.2,,,,,"Downtrend, Oversold(RSI)",-1.2,-1.2,,,,,,
SIHY,50.4,blended,Neutral,bond,44.03,4.0,80.0,3yr,2026-08-31,43,-0.7,-2.1,49.4,0.17,0.1,-1.0,-3.0,7.4,-8.2,1258480.0,3807,-0.5,,,,,"Downtrend, MACD+",-0.6,-0.5,,,,,,
HAP,50.4,blended,Neutral,equity_us,73.43,4.4,88.0,"3yr, 5yr, 10yr",2026-08-31,41,-0.7,-3.7,49.6,0.36,1.0,-1.8,-5.4,17.9,-19.6,2044469.0,4005,-2.0,-2.0,-0.8,-2.0,-3.0,"Downtrend, MACD+",,,,,,,,
IYF,50.4,blended,Neutral,equity_us,126.04,4.4,88.0,"3yr, 5yr, 10yr",2026-08-31,41,-0.9,-5.4,50.8,0.57,0.2,-1.9,-9.3,17.1,-18.4,44251817.0,5080,-2.0,-2.1,-0.9,-2.1,-3.0,"Downtrend, MACD+",,,,,,,,
NBET,50.4,blended,Neutral,equity_us,39.72,5.0,100.0,3yr,2026-08-31,38,-1.5,-3.2,66.0,0.64,1.5,-2.5,-2.8,30.5,-19.8,371869.0,1437,-2.6,-2.7,-1.5,-2.7,-3.7,"Downtrend, MACD+, LowLiquidity, ShortHistory",,,,,,,,
IXG,50.4,blended,Neutral,equity_intl,126.07,4.6,92.0,"3yr, 5yr, 10yr",2026-08-31,40,-1.5,-4.7,39.1,0.37,0.4,-3.0,-7.8,16.8,-14.9,5456969.0,4536,-1.9,,,,,"Downtrend, MACD+",,,-1.6,-2.2,,,,
QVML,50.4,blended,Neutral,equity_us,45.53,4.0,80.0,"3yr, 5yr",2026-08-31,43,0.3,0.4,50.0,0.43,0.5,-0.1,1.0,24.2,-20.8,5207040.0,1928,-0.3,-0.3,0.8,-0.3,-1.3,"Uptrend, MACD+",,,,,,,,
VETZ,50.4,blended,Neutral,bond,18.77,5.0,100.0,3yr,2026-08-31,38,-1.0,-2.8,45.1,0.04,0.1,-1.5,-3.2,11.5,-10.5,986781.0,1370,-1.0,,,,,"Downtrend, MACD+, LowLiquidity, ShortHistory",-1.0,-1.0,,,,,,
SIXA,50.4,blended,Neutral,equity_us,56.81,4.0,80.0,"3yr, 5yr",2026-08-31,43,-0.8,,41.6,0.8,0.3,-1.7,-1.1,14.6,-12.5,1164680.0,2899,-1.8,-1.9,-0.7,-1.9,-2.9,MACD+,,,,,,,,
SPVM,50.4,blended,Neutral,equity_us,73.22,4.0,80.0,"3yr, 5yr, 10yr",2026-08-31,43,-0.4,-4.2,61.9,0.7,0.5,-0.3,-5.3,18.1,-20.6,593146.0,3073,-0.4,-0.5,0.7,-0.5,-1.5,"Downtrend, MACD+, LowLiquidity",,,,,,,,
NANR,50.0,blended,Neutral,equity_us,84.86,4.3,86.0,"3yr, 5yr, 10yr",2026-08-31,41,-0.5,-4.2,56.2,0.59,0.7,-1.5,-6.6,19.8,-20.5,2229916.0,4882,-1.6,-1.7,-0.5,-1.7,-2.7,"Downtrend, MACD+",,,,,,,,
FNY,49.6,blended,Sell,equity_us,100.56,4.0,80.0,"3yr, 5yr, 10yr",2026-08-31,42,1.2,-0.9,62.7,0.31,1.3,0.8,-0.5,22.0,-26.4,1450758.0,4638,0.6,0.5,1.7,0.6,-0.4,"MACD+, BeatingAvgBench",,,,,,,,
SPIT,49.6,blended,Sell,equity_us,31.0,5.0,100.0,"3yr, 5yr, 10yr",2026-08-31,37,-0.6,-4.3,46.8,0.57,0.9,-1.8,-9.2,39.8,-15.2,273172.0,838,-2.0,-2.0,-0.9,-2.0,-3.0,"Downtrend, MACD+, LowLiquidity, ShortHistory",,,,,,,,
MGOV,49.6,blended,Sell,bond,19.06,4.0,80.0,3yr,2026-08-31,42,-0.6,,51.8,0.82,-0.2,-0.9,-3.9,6.9,-10.0,426866.0,3934,-0.4,,,,,"MACD+, LowLiquidity",-0.4,-0.3,,,,,,
PRFZ,49.6,blended,Sell,equity_us,53.22,4.0,80.0,"3yr, 5yr, 10yr",2026-08-31,42,1.1,-1.1,65.5,0.33,0.9,1.3,-2.7,19.9,-28.0,8428262.0,5080,1.1,1.1,2.2,1.1,0.1,"MACD+, BeatingAvgBench, BeatingAllBench",,,,,,,,
REVS,49.6,blended,Sell,equity_us,32.93,4.0,80.0,"3yr, 5yr",2026-08-31,42,-0.3,-2.1,49.9,0.37,0.3,-0.9,-4.3,19.2,-19.0,1236546.0,3746,-1.0,-1.1,0.1,-1.1,-2.1,"Downtrend, MACD+",,,,,,,,
VEMY,49.6,blended,Sell,bond,27.11,5.0,100.0,3yr,2026-08-31,37,-1.3,-3.8,35.1,0.17,0.2,-1.9,-5.0,10.7,-9.8,1345899.0,2350,-1.4,,,,,"Downtrend, MACD+",-1.4,-1.4,,,,,,
WLDR,49.6,blended,Sell,equity_intl,47.23,5.0,100.0,"3yr, 5yr",2026-08-31,37,-0.5,-0.9,48.4,0.12,1.0,-1.0,-0.4,30.3,-29.7,2683917.0,2632,0.0,,,,,"Downtrend, MACD+, BeatingAvgBench",,,0.4,-0.3,,,,
CLOI,49.6,blended,Sell,bond,52.78,4.0,80.0,3yr,2026-08-31,42,-0.2,-0.2,11.8,0.75,0.0,-0.3,-0.0,3.1,-5.1,19605534.0,5069,0.2,,,,,"Oversold(RSI), BeatingAvgBench, BeatingAllBench",0.2,0.2,,,,,,
GCC,49.6,blended,Sell,commodity,26.43,4.4,88.0,"3yr, 5yr",2026-08-31,40,-1.1,-1.1,38.4,0.18,-1.0,-0.7,-1.2,15.1,-16.0,2414022.0,4895,-0.4,,,,,-,,,,,,,-0.2,-0.6
RAFE,49.6,blended,Sell,equity_us,49.04,4.0,80.0,"3yr, 5yr",2026-08-31,42,-0.9,-1.8,38.6,0.22,0.3,-1.4,-2.7,16.0,-17.1,765050.0,3270,-1.6,-1.7,-0.5,-1.7,-2.6,"Downtrend, MACD+, LowLiquidity",,,,,,,,
GOOY,49.6,blended,Sell,equity_us,11.99,4.0,80.0,3yr,2026-08-31,42,0.4,-0.6,39.0,0.84,1.4,0.5,-1.1,25.9,-42.7,3619308.0,5069,0.4,0.3,1.5,0.3,-0.6,"MACD+, BeatingAvgBench",,,,,,,,
EFAS,49.6,blended,Sell,equity_intl,21.4,4.4,88.0,"3yr, 5yr",2026-08-31,40,-2.7,-6.1,24.9,0.81,0.1,-3.9,-7.5,17.8,-12.6,436130.0,3336,-2.9,,,,,"Downtrend, Oversold(RSI), MACD+, LowLiquidity",,,-2.5,-3.2,,,,
BUL,49.6,blended,Sell,equity_us,61.18,4.4,88.0,"3yr, 5yr",2026-08-31,40,-0.2,-3.1,60.6,0.26,0.5,0.3,-4.1,22.8,-24.0,683072.0,3878,0.1,0.0,1.2,0.1,-0.9,"Downtrend, MACD+, BeatingAvgBench, LowLiquidity",,,,,,,,
EMBX,49.2,blended,Sell,bond,49.08,4.1,82.0,"3yr, 5yr, 10yr",2026-08-31,41,-0.9,-2.8,33.3,0.35,0.1,-1.6,-3.8,6.5,-6.7,1664992.0,1648,-1.1,,,,,"Downtrend, MACD+, ShortHistory",-1.1,-1.1,,,,,,
EUFN,48.8,blended,Sell,equity_intl,38.9,4.6,92.0,"3yr, 5yr, 10yr",2026-08-31,38,-3.0,-6.4,28.4,0.81,0.8,-4.9,-9.5,19.0,-16.9,72017674.0,5080,-3.8,,,,,"Downtrend, Oversold(RSI), MACD+",,,-3.5,-4.2,,,,
BBP,48.8,blended,Sell,equity_us,102.42,4.6,92.0,"3yr, 5yr, 10yr",2026-08-31,38,-2.1,-3.1,18.7,1.83,-1.5,-1.7,-5.6,34.6,-29.6,1330295.0,2549,-1.9,-1.9,-0.8,-1.9,-2.9,"Downtrend, Oversold(RSI), VolumeSurge",,,,,,,,
FDM,48.8,blended,Sell,equity_us,88.4,4.2,84.0,"3yr, 5yr, 10yr",2026-08-31,40,-0.1,-3.4,56.3,0.44,0.7,-0.2,-4.8,23.1,-24.9,907182.0,3930,-0.4,-0.4,0.7,-0.4,-1.4,"Downtrend, MACD+, LowLiquidity",,,,,,,,
COPX,48.8,blended,Sell,equity_intl,85.53,4.2,84.0,"3yr, 5yr, 10yr",2026-08-31,40,0.2,-4.1,53.4,0.91,2.6,0.3,-5.9,37.6,-41.1,230827163.0,5080,1.3,,,,,"MACD+, BeatingAvgBench, BeatingAllBench",,,1.7,1.0,,,,
AHLT,48.8,blended,Sell,equity_us,31.25,4.0,80.0,3yr,2026-08-31,41,0.5,4.5,55.0,0.09,0.9,0.0,7.3,23.4,-19.8,1569258.0,2757,-0.2,-0.2,1.0,-0.2,-1.2,Uptrend,,,,,,,,
CBSE,48.8,blended,Sell,equity_intl,47.92,4.4,88.0,"3yr, 5yr",2026-08-31,39,2.5,0.5,80.1,0.59,3.3,2.3,4.1,35.8,-29.8,324203.0,2189,3.3,,,,,"Overbought(RSI), MACD+, BeatingAvgBench, BeatingAllBench, LowLiquidity",,,3.7,3.0,,,,
TUA,48.8,blended,Sell,equity_us,19.14,4.0,80.0,3yr,2026-08-31,41,0.4,-2.6,61.3,0.51,-0.5,0.9,-4.9,8.2,-19.1,7526664.0,5081,0.8,0.7,1.9,0.7,-0.2,BeatingAvgBench,,,,,,,,
STCE,48.8,blended,Sell,equity_us,66.06,4.0,80.0,3yr,2026-08-31,41,-3.6,-2.9,48.7,1.51,0.6,-4.6,-4.1,58.7,-55.5,7153488.0,4935,-4.7,-4.8,-3.6,-4.8,-5.8,"VolumeSurge, MACD+",,,,,,,,
VEGN,48.8,blended,Sell,equity_us,80.06,4.6,92.0,"3yr, 5yr",2026-08-31,38,1.2,,63.2,0.47,0.5,1.0,4.2,24.1,-21.5,476148.0,3250,0.8,0.7,1.9,0.7,-0.2,"MACD+, BeatingAvgBench, LowLiquidity",,,,,,,,
JHDV,48.8,blended,Sell,equity_us,46.26,4.0,80.0,3yr,2026-08-31,41,,,,4.21,0.7,-2.8,27.5,72.9,-15.9,210858.0,181,-2.9,-3.0,-1.8,-3.0,-4.0,"VolumeSurge, LowLiquidity, ShortHistory, RSI_NaN",,,,,,,,
HYHG,48.8,blended,Sell,bond,63.7,5.0,100.0,"3yr, 5yr, 10yr",2026-08-31,36,-0.9,-1.5,33.0,0.32,0.3,-1.2,-1.5,14.0,-10.1,4375047.0,4488,-0.7,,,,,"Downtrend, MACD+",-0.7,-0.7,,,,,,
FLRN,48.8,blended,Sell,bond,30.73,4.0,80.0,"3yr, 5yr, 10yr",2026-08-31,41,-0.2,-0.2,6.7,0.45,0.0,-0.3,-0.1,2.0,-2.1,41715738.0,5080,0.2,,,,,"Oversold(RSI), BeatingAvgBench, BeatingAllBench",0.2,0.2,,,,,,
PPI,48.8,blended,Sell,equity_intl,20.33,4.0,80.0,3yr,2026-08-31,41,0.2,-3.2,63.9,1.11,2.0,-0.0,-4.4,73.8,-52.9,612401.0,4002,1.0,,,,,"MACD+, BeatingAvgBench, BeatingAllBench, LowLiquidity",,,1.4,0.7,,,,
EVNT,48.8,blended,Sell,equity_us,12.26,4.4,88.0,"3yr, 5yr, 10yr",2026-08-31,39,0.1,1.1,41.5,0.2,-0.0,0.4,2.1,24.8,-11.0,95816.0,1216,0.3,0.2,1.4,0.2,-0.8,"Uptrend, BeatingAvgBench, LowLiquidity, ShortHistory",,,,,,,,
FPAG,48.8,blended,Sell,equity_intl,40.74,4.0,80.0,3yr,2026-08-31,41,-0.9,-2.8,41.5,0.38,0.5,-2.0,-4.0,17.2,-18.8,1826319.0,4307,-0.9,,,,,"Downtrend, MACD+",,,-0.6,-1.3,,,,
IGLB,48.0,blended,Sell,bond,45.42,4.0,80.0,"3yr, 5yr, 10yr",2026-08-31,40,-1.2,-3.9,44.0,0.93,-0.3,-1.2,-4.9,9.8,-16.9,94501843.0,5080,-0.7,,,,,"Downtrend, MACD+",-0.7,-0.7,,,,,,
PFIG,48.0,blended,Sell,bond,23.03,4.0,80.0,"3yr, 5yr, 10yr",2026-08-31,40,-0.2,-1.7,50.0,0.5,-0.3,-0.5,-2.2,10.8,-11.0,886427.0,4024,-0.0,,,,,"Downtrend, MACD+, LowLiquidity",-0.0,-0.0,,,,,,
BBRE,48.0,blended,Sell,real_estate,99.43,4.0,80.0,"3yr, 5yr",2026-08-31,40,-1.0,-4.7,41.1,0.46,0.5,-1.3,-6.1,17.4,-21.4,3088546.0,4413,0.3,,,,,"Downtrend, MACD+, BeatingAvgBench, BeatingAllBench",,,,,,0.3,,
LCLG,48.0,blended,Sell,equity_us,71.4,4.0,80.0,"3yr, 5yr, 10yr",2026-08-31,40,0.6,3.2,49.9,0.29,1.1,0.1,4.6,52.8,-25.9,220810.0,716,-0.0,-0.1,1.1,-0.1,-1.1,"Uptrend, MACD+, LowLiquidity, ShortHistory",,,,,,,,
HIDV,48.0,blended,Sell,equity_us,89.61,4.0,80.0,3yr,2026-08-31,40,-0.5,-1.9,46.9,0.49,0.5,-1.5,-3.1,24.9,-20.3,820576.0,1708,-1.7,-1.8,-0.6,-1.7,-2.7,"Downtrend, MACD+, LowLiquidity, ShortHistory",,,,,,,,
XAR,48.0,blended,Sell,equity_us,233.39,4.4,88.0,"3yr, 5yr, 10yr",2026-08-31,38,-0.8,-5.5,56.0,0.57,0.7,-1.9,-7.8,24.1,-22.3,66429304.0,5080,-2.0,-2.1,-0.9,-2.1,-3.1,"Downtrend, MACD+",,,,,,,,
SMLV,48.0,blended,Sell,equity_us,152.04,4.0,80.0,"3yr, 5yr, 10yr",2026-08-31,40,-0.4,-3.6,65.5,0.67,0.8,-0.5,-6.4,25.5,-22.9,598781.0,3257,-0.6,-0.7,0.5,-0.7,-1.7,"Downtrend, MACD+, LowLiquidity",,,,,,,,
XCCC,48.0,blended,Sell,bond,33.58,4.0,80.0,3yr,2026-08-31,40,-1.7,-4.0,33.2,1.02,0.0,-2.2,-5.0,8.2,-16.5,3335048.0,4905,-1.7,,,,,"Downtrend, MACD+",-1.8,-1.7,,,,,,
OVM,48.0,blended,Sell,bond,20.53,5.0,100.0,"3yr, 5yr",2026-08-31,35,-0.2,-2.6,66.1,0.38,0.8,-0.7,-3.9,18.0,-17.2,339585.0,2472,-0.2,,,,,"Downtrend, MACD+, LowLiquidity",-0.2,-0.2,,,,,,
BITQ,48.0,blended,Sell,equity_us,25.14,4.0,80.0,3yr,2026-08-31,40,-4.7,-3.5,42.2,1.74,-1.4,-6.0,-6.1,60.9,-52.7,2894609.0,5077,-6.1,-6.2,-5.0,-6.2,-7.2,"VolumeSurge, MACD+",,,,,,,,
ICOP,48.0,blended,Sell,equity_us,53.62,5.0,100.0,3yr,2026-08-31,35,-0.1,-4.4,52.3,0.28,2.2,0.1,-6.8,36.5,-39.7,7298607.0,4411,-0.1,-0.1,1.0,-0.1,-1.1,"Downtrend, MACD+",,,,,,,,
COPJ,48.0,blended,Sell,equity_us,43.6,5.0,100.0,3yr,2026-08-31,35,-1.6,-4.5,42.9,0.89,0.7,-3.5,-5.1,42.5,-37.2,3393392.0,4066,-3.6,-3.7,-2.5,-3.7,-4.7,"Downtrend, MACD+",,,,,,,,
JUST,48.0,blended,Sell,commodity,108.99,4.0,80.0,"3yr, 5yr",2026-08-31,40,-0.3,-0.7,40.7,0.42,-0.0,-0.1,-2.2,17.6,-19.6,712875.0,3582,0.3,,,,,"Downtrend, BeatingAvgBench, BeatingAllBench, LowLiquidity",,,,,,,0.5,0.1
TLH,48.0,blended,Sell,bond,91.7,4.0,80.0,"3yr, 5yr, 10yr",2026-08-31,40,-1.0,-3.8,45.3,0.86,-0.3,-1.1,-5.0,10.0,-18.2,185127063.0,5080,-0.6,,,,,"Downtrend, MACD+",-0.6,-0.6,,,,,,
WBIY,47.2,blended,Sell,equity_us,35.04,4.0,80.0,"3yr, 5yr",2026-08-31,39,-2.3,-6.4,47.1,0.86,0.2,-3.4,-7.0,22.3,-23.0,375808.0,3027,-3.5,-3.6,-2.4,-3.6,-4.5,"Downtrend, MACD+, LowLiquidity",,,,,,,,
MINV,47.2,blended,Sell,equity_intl,48.88,4.0,80.0,3yr,2026-08-31,39,-0.2,-0.9,70.3,0.58,0.6,-0.6,-1.4,31.1,-22.6,573938.0,3197,0.5,,,,,"Downtrend, Overbought(RSI), MACD+, BeatingAvgBench, BeatingAllBench, LowLiquidity",,,0.8,0.1,,,,
NDIV,47.2,blended,Sell,equity_us,33.3,4.0,80.0,3yr,2026-08-31,39,-0.4,-4.7,65.6,0.69,0.4,-0.9,-7.0,25.5,-21.6,462759.0,3241,-1.1,-1.1,0.1,-1.1,-2.1,"Downtrend, MACD+, LowLiquidity",,,,,,,,
NACP,47.2,blended,Sell,equity_us,62.06,5.0,100.0,"3yr, 5yr",2026-08-31,34,,,66.7,0.66,1.5,0.6,3.8,24.4,-20.3,336187.0,2072,0.5,0.4,1.6,0.4,-0.5,"MACD+, BeatingAvgBench, LowLiquidity",,,,,,,,
GTOS,47.2,blended,Sell,bond,24.63,4.0,80.0,3yr,2026-08-31,39,,,47.6,0.07,0.1,-0.6,-1.3,3.2,-2.7,425799.0,860,-0.1,,,,,"MACD+, LowLiquidity, ShortHistory",-0.1,-0.1,,,,,,
MBOX,47.2,blended,Sell,equity_us,40.31,4.0,80.0,"3yr, 5yr",2026-08-31,39,-1.8,-3.8,42.3,0.56,0.3,-3.0,-4.6,18.9,-17.4,302216.0,2480,-3.2,-3.2,-2.1,-3.2,-4.2,"Downtrend, MACD+, LowLiquidity",,,,,,,,
FLOW,47.2,blended,Sell,equity_intl,41.95,5.0,100.0,3yr,2026-08-31,34,-1.8,,48.2,0.67,1.4,-2.5,-3.4,31.6,-23.4,294954.0,1694,-1.4,,,,,"MACD+, LowLiquidity, ShortHistory",,,-1.1,-1.8,,,,
XLV,47.2,blended,Sell,equity_us,165.78,4.2,84.0,"3yr, 5yr, 10yr",2026-08-31,38,-2.0,-2.4,11.5,1.11,-0.4,-3.0,-4.2,14.4,-18.8,1234925115.0,5080,-3.2,-3.2,-2.0,-3.2,-4.2,"Downtrend, Oversold(RSI)",,,,,,,,
PEMX,47.2,blended,Sell,equity_em,86.01,5.0,100.0,3yr,2026-08-31,34,-0.5,1.0,35.7,0.66,-0.7,-2.8,-2.0,47.9,-19.2,631347.0,992,-3.3,,,,,"LowLiquidity, ShortHistory",,,,,-3.3,,,
TOK,47.2,blended,Sell,equity_intl,153.35,4.4,88.0,"3yr, 5yr, 10yr",2026-08-31,37,-0.4,1.7,32.1,0.2,-0.5,-0.5,3.1,24.4,-18.4,1585453.0,1685,0.5,,,,,"BeatingAvgBench, BeatingAllBench, ShortHistory",,,0.9,0.2,,,,
INCO,47.2,blended,Sell,equity_us,57.28,4.6,92.0,"3yr, 5yr, 10yr",2026-08-31,36,-2.5,-5.2,34.3,0.67,0.6,-4.1,-7.0,16.0,-32.1,862471.0,5012,-4.3,-4.4,-3.2,-4.3,-5.3,"Downtrend, MACD+, LowLiquidity",,,,,,,,
PBL,46.4,blended,Sell,equity_us,33.57,4.0,80.0,3yr,2026-08-31,38,0.1,0.8,34.1,0.09,-0.4,1.3,0.4,23.5,-17.3,555067.0,1293,1.2,1.1,2.3,1.1,0.2,"Uptrend, BeatingAvgBench, BeatingAllBench, LowLiquidity, ShortHistory",,,,,,,,
SPDV,46.4,blended,Sell,equity_us,38.96,4.0,80.0,"3yr, 5yr",2026-08-31,38,-1.5,-4.8,42.3,0.34,0.3,-1.5,-6.3,18.9,-21.3,326326.0,3382,-1.6,-1.7,-0.5,-1.7,-2.6,"Downtrend, MACD+, LowLiquidity",,,,,,,,
FTXH,46.4,blended,Sell,equity_us,40.64,4.6,92.0,"3yr, 5yr",2026-08-31,35,-1.9,-1.9,5.2,1.02,-0.8,-2.3,-3.6,23.1,-21.6,2933097.0,2656,-2.5,-2.5,-1.3,-2.5,-3.5,Oversold(RSI),,,,,,,,
DVLU,46.4,blended,Sell,equity_us,38.92,4.0,80.0,"3yr, 5yr",2026-08-31,38,-1.2,-4.6,39.7,1.01,0.5,-2.3,-7.3,31.3,-26.6,406540.0,1852,-2.5,-2.5,-1.4,-2.5,-3.5,"Downtrend, MACD+, LowLiquidity",,,,,,,,
FNDB,46.4,blended,Sell,equity_us,30.83,4.4,88.0,"3yr, 5yr, 10yr",2026-08-31,36,-0.0,-1.7,55.2,0.32,0.5,-0.4,-3.3,122.1,-66.9,17891467.0,5077,-0.6,-0.6,0.5,-0.6,-1.6,"Downtrend, MACD+",,,,,,,,
EWW,46.0,blended,Sell,equity_us,70.32,4.1,82.0,"3yr, 5yr, 10yr",2025-09-30,37,-2.0,-5.9,40.9,0.93,0.8,-3.5,-8.5,22.5,-34.0,76541678.0,5080,-3.7,-3.7,-2.6,-3.7,-4.7,"Downtrend, MACD+",,,,,,,,
PIZ,45.6,blended,Sell,equity_intl,51.94,4.2,84.0,"3yr, 5yr, 10yr",2026-08-31,36,-2.1,-2.8,32.7,0.82,0.4,-3.7,-3.2,21.1,-17.1,3621302.0,4490,-2.6,,,,,Downtrend,,,-2.3,-3.0,,,,
AFEM,45.6,blended,Sell,equity_em,98.64,4.2,84.0,"3yr, 5yr, 10yr",2026-08-31,36,,,49.9,,1.2,-1.5,,29.9,-5.4,788885.0,57,-2.0,,,,,"MACD+, LowLiquidity, ShortHistory",,,,,-2.0,,,
QTR,45.6,blended,Sell,equity_intl,34.93,4.4,88.0,"3yr, 5yr",2026-08-31,35,2.5,,77.6,0.52,-0.4,3.9,1.5,55.4,-25.9,397033.0,563,4.9,,,,,"Overbought(RSI), MACD+, BeatingAvgBench, BeatingAllBench, LowLiquidity, ShortHistory",,,5.2,4.6,,,,
TLTW,45.6,blended,Sell,bond,19.97,4.0,80.0,3yr,2026-08-31,37,-2.2,-4.7,35.4,1.42,-1.8,-2.4,-5.7,9.8,-30.0,32879540.0,5080,-1.9,,,,,Downtrend,-1.9,-1.9,,,,,,
IYK,45.6,blended,Sell,equity_us,70.85,4.2,84.0,"3yr, 5yr, 10yr",2026-08-31,36,-0.8,-3.6,44.2,0.86,0.2,-1.6,-5.8,121.1,-67.0,20910701.0,5083,-1.8,-1.8,-0.6,-1.8,-2.8,"Downtrend, MACD+",,,,,,,,
NFTY,44.8,blended,Sell,equity_us,50.64,4.0,80.0,"3yr, 5yr, 10yr",2026-08-31,36,-2.4,-5.1,35.2,0.16,0.2,-3.0,-6.3,17.6,-24.5,1518903.0,4769,-3.2,-3.3,-2.1,-3.3,-4.2,"Downtrend, MACD+",,,,,,,,
RFDA,44.8,blended,Sell,equity_us,71.12,4.4,88.0,"3yr, 5yr, 10yr",2026-08-31,34,,,53.1,0.73,1.1,-1.6,-2.2,24.6,-20.1,592789.0,1896,-1.8,-1.9,-0.7,-1.8,-2.8,"MACD+, LowLiquidity",,,,,,,,
EGUS,44.8,blended,Sell,equity_us,59.87,4.0,80.0,3yr,2026-08-31,36,,,66.0,1.13,1.5,2.9,2.0,35.9,-25.1,259603.0,1377,2.8,2.7,3.9,2.7,1.7,"MACD+, BeatingAvgBench, BeatingAllBench, LowLiquidity, ShortHistory",,,,,,,,
GMOM,44.0,blended,Sell,equity_intl,38.07,4.0,80.0,"3yr, 5yr, 10yr",2026-08-31,35,,,52.2,0.22,0.4,-1.1,0.3,19.8,-15.9,518016.0,3407,-0.0,,,,,"MACD+, LowLiquidity",,,0.3,-0.3,,,,
FCA,44.0,blended,Sell,equity_intl,25.33,4.0,80.0,"3yr, 5yr, 10yr",2026-08-31,35,-3.8,-6.1,41.9,1.16,-1.4,-6.5,-7.1,38.7,-27.5,422630.0,2499,-5.4,,,,,"Downtrend, MACD+, LowLiquidity",,,-5.1,-5.8,,,,
BITS,44.0,blended,Sell,equity_intl,67.06,5.0,100.0,3yr,2026-08-31,30,0.4,,21.6,0.93,-7.6,0.4,18.8,79.2,-58.8,354508.0,2917,1.5,,,,,"Oversold(RSI), BeatingAvgBench, BeatingAllBench, LowLiquidity",,,1.8,1.2,,,,
OBOR,43.2,blended,Sell,equity_intl,27.06,4.6,92.0,"3yr, 5yr",2026-08-31,31,-1.8,-1.6,26.7,0.16,-3.0,-1.9,-0.8,26.5,-21.5,201040.0,1584,-0.8,,,,,"Oversold(RSI), LowLiquidity, ShortHistory",,,-0.5,-1.2,,,,
EWH,43.2,blended,Sell,equity_intl,21.56,4.0,80.0,"3yr, 5yr, 10yr",2026-08-31,34,-3.0,-4.8,12.7,1.18,-2.8,-4.1,-6.2,19.7,-25.3,56668906.0,5080,-3.0,,,,,"Downtrend, Oversold(RSI)",,,-2.7,-3.4,,,,
DBEZ,43.2,blended,Sell,equity_intl,61.74,4.2,84.0,"3yr, 5yr, 10yr",2026-08-31,33,-1.0,,35.0,0.26,-1.4,-0.1,-2.1,19.6,-15.9,544177.0,2785,0.9,,,,,"BeatingAvgBench, BeatingAllBench, LowLiquidity",,,1.3,0.6,,,,
CPII,42.4,blended,Sell,bond,19.11,4.0,80.0,3yr,2026-08-31,33,,,52.4,0.77,0.4,1.1,0.5,18.0,-10.0,106389.0,545,1.6,,,,,"MACD+, BeatingAvgBench, BeatingAllBench, LowLiquidity, ShortHistory",1.6,1.6,,,,,,
KBA,42.4,blended,Sell,equity_intl,30.64,4.0,80.0,"3yr, 5yr, 10yr",2026-08-31,33,-1.7,-5.1,31.2,0.31,-0.6,-2.9,-6.0,22.4,-32.9,1258223.0,4981,-1.8,,,,,"Downtrend, MACD+",,,-1.5,-2.2,,,,
RSEE,41.6,blended,Sell,equity_intl,38.78,4.0,80.0,3yr,2026-08-31,32,-0.6,-0.8,41.1,0.27,-0.6,-1.4,-2.6,27.7,-27.7,634660.0,2634,-0.3,,,,,"Downtrend, LowLiquidity",,,-0.0,-0.7,,,,
ZTAX,41.6,blended,Sell,equity_us,24.13,5.0,100.0,3yr,2026-08-31,27,-2.3,,50.7,0.11,-4.4,-1.4,-5.7,104.3,-20.0,248657.0,623,-1.5,-1.6,-0.4,-1.6,-2.5,"LowLiquidity, ShortHistory",,,,,,,,
NUAG,41.6,blended,Sell,bond,19.95,4.4,88.0,"3yr, 5yr",2026-08-31,30,,,,0.24,-0.1,-0.9,-3.6,6.4,-8.2,597140.0,3040,-0.4,,,,,"MACD+, LowLiquidity, RSI_NaN",-0.4,-0.3,,,,,,
PINK,40.8,blended,Sell,equity_us,38.05,4.0,80.0,3yr,2026-08-31,31,-1.4,-2.7,11.4,0.47,-0.6,-2.1,-4.5,18.1,-21.3,2282491.0,5011,-2.2,-2.3,-1.1,-2.3,-3.3,"Downtrend, Oversold(RSI)",,,,,,,,
SPXV,40.8,blended,Sell,equity_us,83.8,4.2,84.0,"3yr, 5yr, 10yr",2026-08-31,30,-0.3,,52.4,0.22,-0.8,0.3,3.4,32.5,-20.1,212166.0,1028,0.1,0.1,1.3,0.1,-0.9,"BeatingAvgBench, LowLiquidity, ShortHistory",,,,,,,,
FPWR,40.8,blended,Sell,equity_us,34.74,5.0,100.0,"3yr, 5yr",2026-08-31,26,,,60.5,0.51,1.4,,-5.5,17.5,-10.7,332511.0,904,,,,,,"MACD+, LowLiquidity, ShortHistory",,,,,,,,
BFIX,40.8,blended,Sell,bond,24.65,5.0,100.0,3yr,2026-08-31,26,,,,0.29,0.2,-1.0,-2.0,14.1,-7.6,263396.0,1415,-0.5,,,,,"MACD+, LowLiquidity, ShortHistory, RSI_NaN",-0.5,-0.5,,,,,,
NDIA,40.0,blended,Sell,equity_intl,25.95,4.0,80.0,3yr,2026-08-31,30,-2.6,-4.4,33.5,0.1,-0.9,-1.2,-3.9,26.2,-25.6,165471.0,2304,-0.1,,,,,"Downtrend, LowLiquidity",,,0.2,-0.5,,,,
ROSC,39.6,blended,Strong sell,equity_us,53.87,4.1,82.0,"3yr, 5yr, 10yr",2026-08-31,29,,,,1.13,0.3,-1.8,-3.0,35.2,-25.8,581693.0,1423,-1.9,-2.0,-0.8,-2.0,-3.0,"MACD+, LowLiquidity, ShortHistory, RSI_NaN",,,,,,,,
CANC,39.2,blended,Strong sell,equity_us,40.98,4.0,80.0,3yr,2026-08-31,29,-1.5,-4.1,9.8,0.91,-1.3,-1.3,-7.5,28.2,-33.1,1169589.0,3819,-1.4,-1.5,-0.3,-1.5,-2.4,"Downtrend, Oversold(RSI)",,,,,,,,
XTR,39.2,blended,Strong sell,equity_intl,29.09,4.4,88.0,"3yr, 5yr",2026-08-31,27,0.3,,68.4,0.47,0.3,0.6,1.1,45.1,-29.0,134821.0,910,1.6,,,,,"BeatingAvgBench, BeatingAllBench, LowLiquidity, ShortHistory",,,2.0,1.3,,,,
RING,39.2,blended,Strong sell,commodity,76.14,4.0,80.0,"3yr, 5yr, 10yr",2026-08-31,29,-2.7,-9.6,40.5,0.47,0.3,-2.2,-14.3,39.1,-39.1,54742648.0,5081,-1.8,,,,,"Downtrend, MACD+",,,,,,,-1.6,-2.1
LRND,39.2,blended,Strong sell,equity_us,48.59,4.0,80.0,3yr,2026-08-31,29,,,,0.03,0.7,3.3,31.4,50.7,-20.8,17858296.0,497,3.1,3.1,4.2,3.1,2.1,"MACD+, BeatingAvgBench, BeatingAllBench, ShortHistory, RSI_NaN",,,,,,,,
SETM,39.2,blended,Strong sell,equity_us,29.16,4.0,80.0,3yr,2026-08-31,29,-1.9,-9.9,45.7,0.56,1.5,-2.0,-14.3,40.7,-44.5,5267831.0,4333,-2.2,-2.3,-1.1,-2.3,-3.2,"Downtrend, MACD+",,,,,,,,
FFIU,39.2,blended,Strong sell,bond,20.5,4.6,92.0,"3yr, 5yr",2026-08-31,26,,,,1.53,-2.1,-4.8,-6.8,27.3,-11.7,173088.0,1079,-4.3,,,,,"VolumeSurge, LowLiquidity, ShortHistory, RSI_NaN",-4.3,-4.2,,,,,,
SPXE,38.8,blended,Strong sell,equity_us,83.3,4.1,82.0,"3yr, 5yr, 10yr",2026-08-31,28,,,62.1,0.4,0.9,1.8,1.9,123.1,-50.6,225440.0,1404,1.6,1.6,2.7,1.6,0.6,"MACD+, BeatingAvgBench, BeatingAllBench, LowLiquidity, ShortHistory",,,,,,,,
SNPG,38.4,blended,Strong sell,equity_us,60.0,4.0,80.0,3yr,2026-08-31,28,,,72.1,0.38,-0.1,0.7,9.1,41.6,-24.0,213324.0,1001,0.6,0.5,1.7,0.5,-0.5,"Overbought(RSI), MACD+, BeatingAvgBench, LowLiquidity, ShortHistory",,,,,,,,
FLMX,38.4,blended,Strong sell,equity_us,33.97,4.6,92.0,"3yr, 5yr",2025-10-31,25,-3.3,-6.7,32.0,0.43,1.2,-4.2,-9.1,23.4,-34.1,420382.0,4606,-4.4,-4.4,-3.2,-4.4,-5.4,"Downtrend, LowLiquidity",,,,,,,,
MEDI,38.4,blended,Strong sell,equity_us,32.33,4.0,80.0,3yr,2026-08-31,28,-1.4,-4.2,15.7,0.56,-0.6,-1.7,-6.9,29.7,-22.7,192803.0,2377,-1.8,-1.9,-0.7,-1.9,-2.8,"Downtrend, Oversold(RSI), LowLiquidity",,,,,,,,
VOXP,37.6,blended,Strong sell,equity_us,39.73,4.0,80.0,3yr,2026-08-31,27,,,,,-1.4,4.3,,94.2,-2.8,595938.0,56,4.1,4.1,5.3,4.1,3.1,"BeatingAvgBench, BeatingAllBench, LowLiquidity, ShortHistory, RSI_NaN",,,,,,,,
SPXN,36.0,blended,Strong sell,equity_us,84.56,4.4,88.0,"3yr, 5yr, 10yr",2026-08-31,23,,,,0.39,-0.8,1.2,3.8,116.0,-50.4,273659.0,1586,1.0,1.0,2.1,1.0,0.0,"MACD+, BeatingAvgBench, BeatingAllBench, LowLiquidity, ShortHistory, RSI_NaN",,,,,,,,
ONEO,35.6,blended,Strong sell,equity_us,149.31,4.3,86.0,"3yr, 5yr, 10yr",2026-08-31,23,-2.7,,21.7,0.59,-0.6,-5.4,9.8,40.5,-19.2,513383.0,629,-5.5,-5.6,-4.4,-5.6,-6.5,"Oversold(RSI), LowLiquidity, ShortHistory",,,,,,,,
JLQD,35.2,blended,Strong sell,bond,38.91,4.0,80.0,3yr,2026-08-31,24,,,,1.1,-0.5,-3.8,-6.0,14.5,-10.2,82783.0,307,-3.3,,,,,"LowLiquidity, ShortHistory, RSI_NaN",-3.3,-3.2,,,,,,
MAGG,35.2,blended,Strong sell,bond,19.2,4.0,80.0,3yr,2026-08-31,24,,,25.6,0.41,0.5,-2.7,-4.7,9.3,-9.7,269333.0,1170,-2.2,,,,,"Oversold(RSI), LowLiquidity, ShortHistory",-2.2,-2.2,,,,,,
GUSA,35.2,blended,Strong sell,commodity,66.44,4.0,80.0,3yr,2026-08-31,24,,,,0.39,0.7,3.5,16.2,52.1,-19.9,247671.0,384,3.8,,,,,"BeatingAvgBench, BeatingAllBench, LowLiquidity, ShortHistory, RSI_NaN",,,,,,,4.0,3.6
AZTD,33.6,blended,Strong sell,equity_intl,30.52,4.0,80.0,3yr,2026-08-31,22,-3.3,,18.5,0.24,-3.3,-6.7,6.4,50.5,-17.4,123963.0,675,-5.6,,,,,"Oversold(RSI), LowLiquidity, ShortHistory",,,-5.3,-6.0,,,,
KOKU,33.6,blended,Strong sell,equity_intl,131.85,4.0,80.0,"3yr, 5yr",2026-08-31,22,,,,0.31,-1.6,1.3,12.8,49.1,-17.9,273157.0,441,2.4,,,,,"BeatingAvgBench, BeatingAllBench, LowLiquidity, ShortHistory, RSI_NaN",,,2.7,2.1,,,,
SIFI,32.0,blended,Strong sell,bond,42.12,4.0,80.0,3yr,2026-08-31,20,,,,0.17,-0.1,-3.1,-1.3,16.7,-6.2,415888.0,266,-2.6,,,,,"LowLiquidity, ShortHistory, RSI_NaN",-2.6,-2.6,,,,,,
MBBB,32.0,blended,Strong sell,bond,20.23,4.0,80.0,"3yr, 5yr",2026-08-31,20,,,,0.19,-2.3,-3.7,-5.3,11.1,-9.3,154644.0,1047,-3.2,,,,,"LowLiquidity, ShortHistory, RSI_NaN",-3.2,-3.1,,,,,,
SRHQ,32.0,blended,Strong sell,equity_us,46.77,4.0,80.0,3yr,2026-08-31,20,,,,0.65,-0.7,-6.5,21.5,54.6,-16.8,138068.0,251,-6.7,-6.7,-5.6,-6.7,-7.7,"LowLiquidity, ShortHistory, RSI_NaN",,,,,,,,
UNIY,30.4,blended,Strong sell,bond,46.05,4.0,80.0,3yr,2026-08-31,18,,,,0.07,-3.8,-5.0,-4.6,18.3,-8.4,13151471.0,275,-4.5,,,,,"ShortHistory, RSI_NaN",-4.5,-4.5,,,,,,
NGIF,30.4,blended,Strong sell,equity_intl,11.78,4.0,80.0,"3yr, 5yr, 10yr",2026-08-31,18,-8.0,,11.5,,-6.2,-9.8,,36.0,-10.7,783410.0,52,-8.8,,,,,"Oversold(RSI), LowLiquidity, ShortHistory",,,-8.4,-9.1,,,,
IBRN,29.6,blended,Strong sell,equity_us,32.56,4.0,80.0,3yr,2026-08-31,17,-9.0,-14.2,29.3,0.39,-2.3,-12.7,-13.3,62.9,-37.1,213439.0,1083,-12.9,-13.0,-11.8,-12.9,-13.9,"Downtrend, Oversold(RSI), MACD+, LowLiquidity, ShortHistory",,,,,,,,
WRND,29.6,blended,Strong sell,equity_intl,,4.0,80.0,3yr,2026-08-31,17,,,,1.28,,,,55.6,-12.7,207067.0,289,,,,,,"MACD+, LowLiquidity, ShortHistory, RSI_NaN",,,,,,,,
